Release 14.7 - xst P.20131013 (nt64)
Copyright (c) 1995-2013 Xilinx, Inc.  All rights reserved.
--> Parameter TMPDIR set to xst/projnav.tmp


Total REAL time to Xst completion: 0.00 secs
Total CPU time to Xst completion: 0.29 secs
 
--> Parameter xsthdpdir set to xst


Total REAL time to Xst completion: 0.00 secs
Total CPU time to Xst completion: 0.29 secs
 
--> Reading design: Top_Level.prj

TABLE OF CONTENTS
  1) Synthesis Options Summary
  2) HDL Parsing
  3) HDL Elaboration
  4) HDL Synthesis
       4.1) HDL Synthesis Report
  5) Advanced HDL Synthesis
       5.1) Advanced HDL Synthesis Report
  6) Low Level Synthesis
  7) Partition Report
  8) Design Summary
       8.1) Primitive and Black Box Usage
       8.2) Device utilization summary
       8.3) Partition Resource Summary
       8.4) Timing Report
            8.4.1) Clock Information
            8.4.2) Asynchronous Control Signals Information
            8.4.3) Timing Summary
            8.4.4) Timing Details
            8.4.5) Cross Clock Domains Report


=========================================================================
*                      Synthesis Options Summary                        *
=========================================================================
---- Source Parameters
Input File Name                    : "Top_Level.prj"
Ignore Synthesis Constraint File   : NO

---- Target Parameters
Output File Name                   : "Top_Level"
Output Format                      : NGC
Target Device                      : xc6slx25-2-ftg256

---- Source Options
Top Module Name                    : Top_Level
Automatic FSM Extraction           : YES
FSM Encoding Algorithm             : Auto
Safe Implementation                : No
FSM Style                          : LUT
RAM Extraction                     : Yes
RAM Style                          : Auto
ROM Extraction                     : Yes
Shift Register Extraction          : YES
ROM Style                          : Auto
Resource Sharing                   : YES
Asynchronous To Synchronous        : NO
Shift Register Minimum Size        : 2
Use DSP Block                      : Auto
Automatic Register Balancing       : No

---- Target Options
LUT Combining                      : Auto
Reduce Control Sets                : Auto
Add IO Buffers                     : YES
Global Maximum Fanout              : 100000
Add Generic Clock Buffer(BUFG)     : 16
Register Duplication               : YES
Optimize Instantiated Primitives   : NO
Use Clock Enable                   : Auto
Use Synchronous Set                : Auto
Use Synchronous Reset              : Auto
Pack IO Registers into IOBs        : Auto
Equivalent register Removal        : YES

---- General Options
Optimization Goal                  : Speed
Optimization Effort                : 1
Power Reduction                    : NO
Keep Hierarchy                     : No
Netlist Hierarchy                  : As_Optimized
RTL Output                         : Yes
Global Optimization                : AllClockNets
Read Cores                         : YES
Write Timing Constraints           : NO
Cross Clock Analysis               : NO
Hierarchy Separator                : /
Bus Delimiter                      : <>
Case Specifier                     : Maintain
Slice Utilization Ratio            : 100
BRAM Utilization Ratio             : 100
DSP48 Utilization Ratio            : 100
Auto BRAM Packing                  : NO
Slice Utilization Ratio Delta      : 5

=========================================================================


=========================================================================
*                          HDL Parsing                                  *
=========================================================================
Analyzing Verilog file "C:\Users\administrator.CLS-210-PC\Desktop\saed\saleh\Week7\SOURCE_VER_before_edit\shift_exp.v" into library work
Parsing module <shift_exp>.
Analyzing Verilog file "C:\Users\administrator.CLS-210-PC\Desktop\saed\saleh\Week7\SOURCE_VER_before_edit\pwl_reciprocal.v" into library work
Parsing module <pwl_reciprocal>.
Analyzing Verilog file "C:\Users\administrator.CLS-210-PC\Desktop\saed\saleh\Week7\SOURCE_VER_before_edit\softmax_dma.v" into library work
Parsing module <softmax_dma>.
Analyzing Verilog file "C:\Users\administrator.CLS-210-PC\Desktop\saed\saleh\Week7\SOURCE_VER_before_edit\softmax_crtl_fsm.v" into library work
Parsing module <softmax_ctrl_fsm>.
Analyzing Verilog file "C:\Users\administrator.CLS-210-PC\Desktop\saed\saleh\Week7\SOURCE_VER_before_edit\sigmoid.v" into library work
Parsing module <sigmoid>.
Analyzing Verilog file "C:\Users\administrator.CLS-210-PC\Desktop\saed\saleh\Week7\SOURCE_VER_before_edit\MUX4_32bit.v" into library work
Parsing module <MUX4_32bit>.
Analyzing Verilog file "C:\Users\administrator.CLS-210-PC\Desktop\saed\saleh\Week7\SOURCE_VER_before_edit\XOR32.v" into library work
Parsing module <XOR32>.
Analyzing Verilog file "C:\Users\administrator.CLS-210-PC\Desktop\saed\saleh\Week7\SOURCE_VER_before_edit\softmax_subenv.v" into library work
Parsing module <softmax_subenv>.
Analyzing Verilog file "C:\Users\administrator.CLS-210-PC\Desktop\saed\saleh\Week7\SOURCE_VER_before_edit\sigmoid_subenv.v" into library work
Parsing module <sigmoid_subenv>.
Analyzing Verilog file "C:\Users\administrator.CLS-210-PC\Desktop\saed\saleh\Week7\SOURCE_VER_before_edit\ReLU.v" into library work
Parsing module <ReLU>.
Analyzing Verilog file "C:\Users\administrator.CLS-210-PC\Desktop\saed\saleh\Week7\SOURCE_VER_before_edit\REG32CE.v" into library work
Parsing module <REG32CE>.
Analyzing Verilog file "C:\Users\administrator.CLS-210-PC\Desktop\saed\saleh\Week7\SOURCE_VER_before_edit\RAM32x32.v" into library work
Parsing module <RAM32x32>.
Analyzing Verilog file "C:\Users\administrator.CLS-210-PC\Desktop\saed\saleh\Week7\SOURCE_VER_before_edit\OR32.v" into library work
Parsing module <OR32>.
Analyzing Verilog file "C:\Users\administrator.CLS-210-PC\Desktop\saed\saleh\Week7\SOURCE_VER_before_edit\MUX2to1.v" into library work
Parsing module <MUX2to1>.
Analyzing Verilog file "C:\Users\administrator.CLS-210-PC\Desktop\saed\saleh\Week7\SOURCE_VER_before_edit\COMPERATOR.v" into library work
Parsing module <COMPERATOR>.
Analyzing Verilog file "C:\Users\administrator.CLS-210-PC\Desktop\saed\saleh\Week7\SOURCE_VER_before_edit\AND32.v" into library work
Parsing module <AND32>.
Analyzing Verilog file "C:\Users\administrator.CLS-210-PC\Desktop\saed\saleh\Week7\SOURCE_VER_before_edit\AEQZ.v" into library work
Parsing module <AEQZ>.
Analyzing Verilog file "C:\Users\administrator.CLS-210-PC\Desktop\saed\saleh\Week7\SOURCE_VER_before_edit\ADD_SUB.v" into library work
Parsing module <ADD_SUB>.
Analyzing Verilog file "C:\Users\administrator.CLS-210-PC\Desktop\saed\saleh\Week7\SOURCE_VER_before_edit\SHIFT_ENV.v" into library work
Parsing module <SHIFT_ENV>.
Analyzing Verilog file "C:\Users\administrator.CLS-210-PC\Desktop\saed\saleh\Week7\SOURCE_VER_before_edit\RE32RST.v" into library work
Parsing module <REG32RST>.
Analyzing Verilog file "C:\Users\administrator.CLS-210-PC\Desktop\saed\saleh\Week7\SOURCE_VER_before_edit\MUX5bit.v" into library work
Parsing module <MUX5bit>.
Analyzing Verilog file "C:\Users\administrator.CLS-210-PC\Desktop\saed\saleh\Week7\SOURCE_VER_before_edit\MUX4to1.v" into library work
Parsing module <MUX4to1>.
Analyzing Verilog file "C:\Users\administrator.CLS-210-PC\Desktop\saed\saleh\Week7\SOURCE_VER_before_edit\multiplayer.v" into library work
Parsing module <multiplier>.
Analyzing Verilog file "C:\Users\administrator.CLS-210-PC\Desktop\saed\saleh\Week7\SOURCE_VER_before_edit\mac_fsm.v" into library work
Parsing module <mac_fsm>.
Analyzing Verilog file "C:\Users\administrator.CLS-210-PC\Desktop\saed\saleh\Week7\SOURCE_VER_before_edit\IR_ENV.v" into library work
Parsing module <IR_ENV>.
Analyzing Verilog file "C:\Users\administrator.CLS-210-PC\Desktop\saed\saleh\Week7\SOURCE_VER_before_edit\GPR.v" into library work
Parsing module <GPR>.
Analyzing Verilog file "C:\Users\administrator.CLS-210-PC\Desktop\saed\saleh\Week7\SOURCE_VER_before_edit\dlx_control.v" into library work
Parsing module <dlx_control>.
Analyzing Verilog file "C:\Users\administrator.CLS-210-PC\Desktop\saed\saleh\Week7\SOURCE_VER_before_edit\CNT5.v" into library work
Parsing module <CNT5>.
Analyzing Verilog file "C:\Users\administrator.CLS-210-PC\Desktop\saed\saleh\Week7\SOURCE_VER_before_edit\ALU.v" into library work
Parsing module <ALU>.
Analyzing Verilog file "C:\Users\administrator.CLS-210-PC\Desktop\saed\saleh\Week7\SOURCE_VER_before_edit\ActivationEngine.v" into library work
Parsing module <ActivationEngine>.
Analyzing Verilog file "C:\Users\administrator.CLS-210-PC\Desktop\saed\saleh\Week7\SOURCE_VER_before_edit\salve_top.v" into library work
Parsing module <salve_top>.
Analyzing Verilog file "C:\Users\administrator.CLS-210-PC\Desktop\saed\saleh\Week7\SOURCE_VER_before_edit\mem_arbiter.v" into library work
Parsing module <mem_arbiter>.
Analyzing Verilog file "C:\Users\administrator.CLS-210-PC\Desktop\saed\saleh\Week7\SOURCE_VER_before_edit\logic_analyzer.v" into library work
Parsing module <logic_analyzer>.
Analyzing Verilog file "C:\Users\administrator.CLS-210-PC\Desktop\saed\saleh\Week7\SOURCE_VER_before_edit\id_module.v" into library work
Parsing module <id_module>.
Analyzing Verilog file "C:\Users\administrator.CLS-210-PC\Desktop\saed\saleh\Week7\SOURCE_VER_before_edit\data_path.v" into library work
Parsing module <data_path>.
Analyzing Verilog file "C:\Users\administrator.CLS-210-PC\Desktop\saed\saleh\Week7\SOURCE_VER_before_edit\control.v" into library work
Parsing module <control>.
Analyzing Verilog file "C:\Users\administrator.CLS-210-PC\Desktop\saed\saleh\Week7\SOURCE_VER_before_edit\monitor_slave.v" into library work
Parsing module <monitor_salve>.
Analyzing Verilog file "C:\Users\administrator.CLS-210-PC\Desktop\saed\saleh\Week7\SOURCE_VER_before_edit\DLX.v" into library work
Parsing module <DLX>.
Parsing VHDL file "C:\Users\administrator.CLS-210-PC\Desktop\saed\saleh\Week7\SOURCE_VER_before_edit\ADD16.vhf" into library work
Parsing entity <ADSU16_HXILINX_ADD16>.
Parsing architecture <ADSU16_HXILINX_ADD16_V> of entity <adsu16_hxilinx_add16>.
Parsing entity <ADD16>.
Parsing architecture <BEHAVIORAL> of entity <add16>.
Parsing VHDL file "C:\Users\administrator.CLS-210-PC\Desktop\saed\Lab_base\IO_LOGIC_U\SyncToClk.vhd" into library work
Parsing package <SyncToClockPckg>.
Parsing entity <SyncToClock>.
Parsing architecture <arch> of entity <synctoclock>.
Parsing entity <SyncBusToClock>.
Parsing architecture <arch> of entity <syncbustoclock>.
Parsing VHDL file "C:\Users\administrator.CLS-210-PC\Desktop\saed\Lab_base\IO_LOGIC_U\Common.vhd" into library work
Parsing package <CommonPckg>.
Parsing package body <CommonPckg>.
Parsing VHDL file "C:\Users\administrator.CLS-210-PC\Desktop\saed\Lab_base\IO_LOGIC_U\sdram_adapter_U.vhd" into library work
Parsing entity <sdram_adapter_U>.
Parsing architecture <Behavioral> of entity <sdram_adapter_u>.
Parsing VHDL file "C:\Users\administrator.CLS-210-PC\Desktop\saed\Lab_base\IO_LOGIC_U\SdramCntl.vhd" into library work
Parsing package <SdramCntlPckg>.
Parsing entity <SdramCntl_U>.
Parsing architecture <arch> of entity <sdramcntl_u>.
Parsing entity <DualPort>.
Parsing architecture <arch> of entity <dualport>.
Parsing entity <DualPortSdram>.
Parsing architecture <arch> of entity <dualportsdram>.
Parsing VHDL file "C:\Users\administrator.CLS-210-PC\Desktop\saed\Lab_base\IO_LOGIC_U\Interface_Ctrl_U.vhd" into library work
Parsing entity <Interface_Ctrl_U>.
Parsing architecture <Behavioral> of entity <interface_ctrl_u>.
Parsing VHDL file "C:\Users\administrator.CLS-210-PC\Desktop\saed\Lab_base\IO_LOGIC_U\HostIoToDut_U.vhd" into library work
Parsing package <HostIoPckg>.
Parsing entity <BscanToHostIo>.
Parsing architecture <arch> of entity <bscantohostio>.
Parsing entity <HostIoHdrScanner>.
Parsing architecture <arch> of entity <hostiohdrscanner>.
Parsing entity <HostIoToRamCore>.
Parsing architecture <arch> of entity <hostiotoramcore>.
Parsing entity <RamCtrlSync>.
Parsing architecture <arch> of entity <ramctrlsync>.
Parsing entity <HostIoToRam>.
Parsing architecture <arch> of entity <hostiotoram>.
Parsing entity <HostIoToDut_U>.
Parsing architecture <arch> of entity <hostiotodut_u>.
Parsing VHDL file "C:\Users\administrator.CLS-210-PC\Desktop\saed\Lab_base\IO_LOGIC_U\ClkGen_U.vhd" into library work
Parsing package <ClkGenPckg>.
Parsing entity <ClkGen_U>.
Parsing architecture <arch> of entity <clkgen_u>.
Parsing entity <ClkToLogic>.
Parsing architecture <arch> of entity <clktologic>.
Parsing VHDL file "C:\Users\administrator.CLS-210-PC\Desktop\saed\Lab_base\IO_LOGIC_U\IO_LOGIC_U.vhd" into library work
Parsing entity <Sync_U>.
Parsing architecture <BEHAVIORAL> of entity <sync_u>.
Parsing entity <IO_LOGIC_U>.
Parsing architecture <BEHAVIORAL> of entity <io_logic_u>.
Parsing VHDL file "C:\Users\administrator.CLS-210-PC\Desktop\saed\saleh\Week7\SOURCE_VER_before_edit\Top_Level.vhf" into library work
Parsing entity <Top_Level>.
Parsing architecture <BEHAVIORAL> of entity <top_level>.

=========================================================================
*                            HDL Elaboration                            *
=========================================================================

Elaborating entity <Top_Level> (architecture <BEHAVIORAL>) from library <work>.

Elaborating entity <IO_LOGIC_U> (architecture <BEHAVIORAL>) from library <work>.

Elaborating entity <ClkGen_U> (architecture <arch>) with generics from library <work>.

Elaborating entity <ClkToLogic> (architecture <arch>) from library <work>.

Elaborating entity <HostIoToDut_U> (architecture <arch>) with generics from library <work>.

Elaborating entity <BscanToHostIo> (architecture <arch>) with generics from library <work>.

Elaborating entity <HostIoHdrScanner> (architecture <arch>) with generics from library <work>.

Elaborating entity <Interface_Ctrl_U> (architecture <Behavioral>) from library <work>.
WARNING:HDLCompiler:92 - "C:\Users\administrator.CLS-210-PC\Desktop\saed\Lab_base\IO_LOGIC_U\Interface_Ctrl_U.vhd" Line 244: reset_s should be on the sensitivity list of the process
WARNING:HDLCompiler:92 - "C:\Users\administrator.CLS-210-PC\Desktop\saed\Lab_base\IO_LOGIC_U\Interface_Ctrl_U.vhd" Line 245: ready_clk_i should be on the sensitivity list of the process
WARNING:HDLCompiler:92 - "C:\Users\administrator.CLS-210-PC\Desktop\saed\Lab_base\IO_LOGIC_U\Interface_Ctrl_U.vhd" Line 252: address_in_s should be on the sensitivity list of the process
WARNING:HDLCompiler:92 - "C:\Users\administrator.CLS-210-PC\Desktop\saed\Lab_base\IO_LOGIC_U\Interface_Ctrl_U.vhd" Line 253: data_in_s should be on the sensitivity list of the process

Elaborating entity <sdram_adapter_U> (architecture <Behavioral>) from library <work>.
INFO:HDLCompiler:679 - "C:\Users\administrator.CLS-210-PC\Desktop\saed\Lab_base\IO_LOGIC_U\sdram_adapter_U.vhd" Line 107. Case statement is complete. others clause is never selected

Elaborating entity <Sync_U> (architecture <BEHAVIORAL>) from library <work>.

Elaborating entity <RamCtrlSync> (architecture <arch>) from library <work>.

Elaborating entity <SyncToClock> (architecture <arch>) from library <work>.

Elaborating entity <SdramCntl_U> (architecture <arch>) with generics from library <work>.
WARNING:HDLCompiler:92 - "C:\Users\administrator.CLS-210-PC\Desktop\saed\Lab_base\IO_LOGIC_U\SdramCntl.vhd" Line 436: ba_x should be on the sensitivity list of the process
WARNING:HDLCompiler:92 - "C:\Users\administrator.CLS-210-PC\Desktop\saed\Lab_base\IO_LOGIC_U\SdramCntl.vhd" Line 460: rdinprogress_s should be on the sensitivity list of the process
WARNING:HDLCompiler:92 - "C:\Users\administrator.CLS-210-PC\Desktop\saed\Lab_base\IO_LOGIC_U\SdramCntl.vhd" Line 493: bank_s should be on the sensitivity list of the process
WARNING:HDLCompiler:92 - "C:\Users\administrator.CLS-210-PC\Desktop\saed\Lab_base\IO_LOGIC_U\SdramCntl.vhd" Line 636: activateinprogress_s should be on the sensitivity list of the process
WARNING:HDLCompiler:92 - "C:\Users\administrator.CLS-210-PC\Desktop\saed\Lab_base\IO_LOGIC_U\SdramCntl.vhd" Line 650: ba_x should be on the sensitivity list of the process
WARNING:HDLCompiler:92 - "C:\Users\administrator.CLS-210-PC\Desktop\saed\Lab_base\IO_LOGIC_U\SdramCntl.vhd" Line 652: doactivate_s should be on the sensitivity list of the process
WARNING:HDLCompiler:92 - "C:\Users\administrator.CLS-210-PC\Desktop\saed\Lab_base\IO_LOGIC_U\SdramCntl.vhd" Line 654: activateinprogress_s should be on the sensitivity list of the process
WARNING:HDLCompiler:92 - "C:\Users\administrator.CLS-210-PC\Desktop\saed\Lab_base\IO_LOGIC_U\SdramCntl.vhd" Line 658: bankindex_s should be on the sensitivity list of the process
WARNING:HDLCompiler:92 - "C:\Users\administrator.CLS-210-PC\Desktop\saed\Lab_base\IO_LOGIC_U\SdramCntl.vhd" Line 664: rdinprogress_s should be on the sensitivity list of the process
WARNING:HDLCompiler:92 - "C:\Users\administrator.CLS-210-PC\Desktop\saed\Lab_base\IO_LOGIC_U\SdramCntl.vhd" Line 679: ba_x should be on the sensitivity list of the process
WARNING:HDLCompiler:92 - "C:\Users\administrator.CLS-210-PC\Desktop\saed\Lab_base\IO_LOGIC_U\SdramCntl.vhd" Line 681: doactivate_s should be on the sensitivity list of the process
WARNING:HDLCompiler:92 - "C:\Users\administrator.CLS-210-PC\Desktop\saed\Lab_base\IO_LOGIC_U\SdramCntl.vhd" Line 683: activateinprogress_s should be on the sensitivity list of the process
WARNING:HDLCompiler:92 - "C:\Users\administrator.CLS-210-PC\Desktop\saed\Lab_base\IO_LOGIC_U\SdramCntl.vhd" Line 687: bankindex_s should be on the sensitivity list of the process
WARNING:HDLCompiler:92 - "C:\Users\administrator.CLS-210-PC\Desktop\saed\Lab_base\IO_LOGIC_U\SdramCntl.vhd" Line 691: rdinprogress_s should be on the sensitivity list of the process
WARNING:HDLCompiler:92 - "C:\Users\administrator.CLS-210-PC\Desktop\saed\Lab_base\IO_LOGIC_U\SdramCntl.vhd" Line 707: doselfrfsh_s should be on the sensitivity list of the process
WARNING:HDLCompiler:92 - "C:\Users\administrator.CLS-210-PC\Desktop\saed\Lab_base\IO_LOGIC_U\SdramCntl.vhd" Line 709: activateinprogress_s should be on the sensitivity list of the process
WARNING:HDLCompiler:92 - "C:\Users\administrator.CLS-210-PC\Desktop\saed\Lab_base\IO_LOGIC_U\SdramCntl.vhd" Line 731: row_s should be on the sensitivity list of the process
WARNING:HDLCompiler:92 - "C:\Users\administrator.CLS-210-PC\Desktop\saed\Lab_base\IO_LOGIC_U\SdramCntl.vhd" Line 732: bank_s should be on the sensitivity list of the process
WARNING:HDLCompiler:92 - "C:\Users\administrator.CLS-210-PC\Desktop\saed\Lab_base\IO_LOGIC_U\SdramCntl.vhd" Line 733: row_s should be on the sensitivity list of the process
WARNING:HDLCompiler:92 - "C:\Users\administrator.CLS-210-PC\Desktop\saed\Lab_base\IO_LOGIC_U\SdramCntl.vhd" Line 734: bankindex_s should be on the sensitivity list of the process
WARNING:HDLCompiler:92 - "C:\Users\administrator.CLS-210-PC\Desktop\saed\Lab_base\IO_LOGIC_U\SdramCntl.vhd" Line 754: doselfrfsh_s should be on the sensitivity list of the process
INFO:HDLCompiler:679 - "C:\Users\administrator.CLS-210-PC\Desktop\saed\Lab_base\IO_LOGIC_U\SdramCntl.vhd" Line 771. Case statement is complete. others clause is never selected
Going to verilog side to elaborate module monitor_salve

Elaborating module <monitor_salve>.

Elaborating module <logic_analyzer>.

Elaborating module <CNT5>.

Elaborating module <MUX5bit>.

Elaborating module <RAM32x32>.

Elaborating module <id_module>.

Elaborating module <salve_top>.

Elaborating module <MUX4_32bit>.
WARNING:HDLCompiler:189 - "C:\Users\administrator.CLS-210-PC\Desktop\saed\saleh\Week7\SOURCE_VER_before_edit\monitor_slave.v" Line 44: Size mismatch in connection of port <B>. Formal port size is 32-bit while actual signal size is 33-bit.
Back to vhdl to continue elaboration
Going to verilog side to elaborate module DLX
WARNING:HDLCompiler:1016 - "C:\Users\administrator.CLS-210-PC\Desktop\saed\saleh\Week7\SOURCE_VER_before_edit\DLX.v" Line 138: Port softmax_active is not connected to this instance

Elaborating module <DLX>.

Elaborating module <data_path>.

Elaborating module <REG32CE>.

Elaborating module <GPR>.

Elaborating module <AEQZ>.
WARNING:HDLCompiler:413 - "C:\Users\administrator.CLS-210-PC\Desktop\saed\saleh\Week7\SOURCE_VER_before_edit\AEQZ.v" Line 27: Result of 32-bit expression is truncated to fit in 1-bit target.

Elaborating module <MUX4to1>.

Elaborating module <REG32RST>.

Elaborating module <MUX2to1>.

Elaborating module <SHIFT_ENV>.

Elaborating module <IR_ENV>.

Elaborating module <ALU>.

Elaborating module <OR32>.

Elaborating module <AND32>.

Elaborating module <XOR32>.

Elaborating module <COMPERATOR>.

Elaborating module <ADD_SUB>.
Going to vhdl side to elaborate module ADD16

Elaborating entity <ADD16> (architecture <BEHAVIORAL>) from library <work>.

Elaborating entity <ADSU16_HXILINX_ADD16> (architecture <ADSU16_HXILINX_ADD16_V>) from library <work>.
Back to verilog to continue elaboration
Going to vhdl side to elaborate module ADD16
Back to verilog to continue elaboration
Going to vhdl side to elaborate module ADD16
Back to verilog to continue elaboration
WARNING:HDLCompiler:1127 - "C:\Users\administrator.CLS-210-PC\Desktop\saed\saleh\Week7\SOURCE_VER_before_edit\ALU.v" Line 75: Assignment to ovf ignored, since the identifier is never used

Elaborating module <ActivationEngine>.

Elaborating module <sigmoid_subenv>.

Elaborating module <sigmoid>.
WARNING:HDLCompiler:413 - "C:\Users\administrator.CLS-210-PC\Desktop\saed\saleh\Week7\SOURCE_VER_before_edit\sigmoid_subenv.v" Line 104: Result of 48-bit expression is truncated to fit in 32-bit target.

Elaborating module <ReLU>.

Elaborating module <softmax_subenv>.

Elaborating module <softmax_ctrl_fsm>.

Elaborating module <shift_exp>.

Elaborating module <pwl_reciprocal>.
WARNING:HDLCompiler:1127 - "C:\Users\administrator.CLS-210-PC\Desktop\saed\saleh\Week7\SOURCE_VER_before_edit\softmax_subenv.v" Line 83: Assignment to fsm_done ignored, since the identifier is never used

Elaborating module <softmax_dma>.

Elaborating module <multiplier>.

Elaborating module <control>.

Elaborating module <dlx_control>.

Elaborating module <mac_fsm>.
WARNING:HDLCompiler:1127 - "C:\Users\administrator.CLS-210-PC\Desktop\saed\saleh\Week7\SOURCE_VER_before_edit\DLX.v" Line 178: Assignment to sigmoid ignored, since the identifier is never used

Elaborating module <mem_arbiter>.
Back to vhdl to continue elaboration
WARNING:HDLCompiler:634 - "C:\Users\administrator.CLS-210-PC\Desktop\saed\saleh\Week7\SOURCE_VER_before_edit\Top_Level.vhf" Line 57: Net <RACK_N> does not have a driver.
WARNING:HDLCompiler:634 - "C:\Users\administrator.CLS-210-PC\Desktop\saed\saleh\Week7\SOURCE_VER_before_edit\Top_Level.vhf" Line 61: Net <R_DO[31]> does not have a driver.

=========================================================================
*                           HDL Synthesis                               *
=========================================================================

Synthesizing Unit <Top_Level>.
    Related source file is "C:\Users\administrator.CLS-210-PC\Desktop\saed\saleh\Week7\SOURCE_VER_before_edit\Top_Level.vhf".
INFO:Xst:3210 - "C:\Users\administrator.CLS-210-PC\Desktop\saed\saleh\Week7\SOURCE_VER_before_edit\Top_Level.vhf" line 190: Output port <Rsel_o> of the instance <XLXI_23> is unconnected or connected to loadless signal.
INFO:Xst:3210 - "C:\Users\administrator.CLS-210-PC\Desktop\saed\saleh\Week7\SOURCE_VER_before_edit\Top_Level.vhf" line 253: Output port <MR> of the instance <XLXI_50> is unconnected or connected to loadless signal.
INFO:Xst:3210 - "C:\Users\administrator.CLS-210-PC\Desktop\saed\saleh\Week7\SOURCE_VER_before_edit\Top_Level.vhf" line 253: Output port <MW> of the instance <XLXI_50> is unconnected or connected to loadless signal.
WARNING:Xst:653 - Signal <R_DO> is used but never assigned. This sourceless signal will be automatically connected to value GND.
WARNING:Xst:653 - Signal <RACK_N> is used but never assigned. This sourceless signal will be automatically connected to value GND.
    Summary:
	no macro.
Unit <Top_Level> synthesized.

Synthesizing Unit <IO_LOGIC_U>.
    Related source file is "C:\Users\administrator.CLS-210-PC\Desktop\saed\Lab_base\IO_LOGIC_U\IO_LOGIC_U.vhd".
INFO:Xst:3210 - "C:\Users\administrator.CLS-210-PC\Desktop\saed\Lab_base\IO_LOGIC_U\IO_LOGIC_U.vhd" line 276: Output port <o> of the instance <u0> is unconnected or connected to loadless signal.
INFO:Xst:3210 - "C:\Users\administrator.CLS-210-PC\Desktop\saed\Lab_base\IO_LOGIC_U\IO_LOGIC_U.vhd" line 276: Output port <o_b> of the instance <u0> is unconnected or connected to loadless signal.
INFO:Xst:3210 - "C:\Users\administrator.CLS-210-PC\Desktop\saed\Lab_base\IO_LOGIC_U\IO_LOGIC_U.vhd" line 288: Output port <curr_state_o> of the instance <u2> is unconnected or connected to loadless signal.
INFO:Xst:3210 - "C:\Users\administrator.CLS-210-PC\Desktop\saed\Lab_base\IO_LOGIC_U\IO_LOGIC_U.vhd" line 320: Output port <sdram_done> of the instance <u3> is unconnected or connected to loadless signal.
    Summary:
	no macro.
Unit <IO_LOGIC_U> synthesized.

Synthesizing Unit <ClkGen_U>.
    Related source file is "C:\Users\administrator.CLS-210-PC\Desktop\saed\Lab_base\IO_LOGIC_U\ClkGen_U.vhd".
        BASE_FREQ_G = 12.0
        CLK_MUL_G = 10
        CLK_DIV_G = 2
    Summary:
	no macro.
Unit <ClkGen_U> synthesized.

Synthesizing Unit <ClkToLogic>.
    Related source file is "C:\Users\administrator.CLS-210-PC\Desktop\saed\Lab_base\IO_LOGIC_U\ClkGen_U.vhd".
    Summary:
	no macro.
Unit <ClkToLogic> synthesized.

Synthesizing Unit <HostIoToDut_U>.
    Related source file is "C:\Users\administrator.CLS-210-PC\Desktop\saed\Lab_base\IO_LOGIC_U\HostIoToDut_U.vhd".
        ID_G = "11111111"
        PYLD_CNTR_LENGTH_G = 32
        FPGA_DEVICE_G = spartan6
        TAP_USER_INSTR_G = user1
        SIMPLE_G = true
INFO:Xst:3210 - "C:\Users\administrator.CLS-210-PC\Desktop\saed\Lab_base\IO_LOGIC_U\HostIoToDut_U.vhd" line 951: Output port <pyldCntr_o> of the instance <UHdrScanner> is unconnected or connected to loadless signal.
    Found 2-bit register for signal <opcode_r>.
    Found 1-bit register for signal <opcodeRcvd_r>.
    Found 40-bit register for signal <shiftReg_r>.
    Found 6-bit register for signal <bitCntr_r>.
    Found 40-bit register for signal <vectorToDut_o>.
    Found 1-bit register for signal <activateClk_r>.
    Found 6-bit subtractor for signal <GND_23_o_GND_23_o_sub_8_OUT<5:0>> created at line 1018.
    Summary:
	inferred   1 Adder/Subtractor(s).
	inferred  90 D-type flip-flop(s).
	inferred  12 Multiplexer(s).
Unit <HostIoToDut_U> synthesized.

Synthesizing Unit <BscanToHostIo>.
    Related source file is "C:\Users\administrator.CLS-210-PC\Desktop\saed\Lab_base\IO_LOGIC_U\HostIoToDut_U.vhd".
        FPGA_DEVICE_G = spartan6
        TAP_USER_INSTR_G = user1
    Summary:
	no macro.
Unit <BscanToHostIo> synthesized.

Synthesizing Unit <HostIoHdrScanner>.
    Related source file is "C:\Users\administrator.CLS-210-PC\Desktop\saed\Lab_base\IO_LOGIC_U\HostIoToDut_U.vhd".
        ID_G = "11111111"
        PYLD_CNTR_LENGTH_G = 32
    Found 32-bit register for signal <pyldCntr_r>.
    Found 1-bit register for signal <hdrRcvd_r>.
    Found 8-bit register for signal <id_r>.
    Found 32-bit subtractor for signal <GND_51_o_GND_51_o_sub_2_OUT<31:0>> created at line 384.
    Summary:
	inferred   1 Adder/Subtractor(s).
	inferred  41 D-type flip-flop(s).
	inferred   2 Multiplexer(s).
Unit <HostIoHdrScanner> synthesized.

Synthesizing Unit <Interface_Ctrl_U>.
    Related source file is "C:\Users\administrator.CLS-210-PC\Desktop\saed\Lab_base\IO_LOGIC_U\Interface_Ctrl_U.vhd".
WARNING:Xst:647 - Input <input_i<39:38>> is never used. This port will be preserved and left unconnected if it belongs to a top-level block or it belongs to a sub-block and the hierarchy of this sub-block is preserved.
WARNING:Xst:647 - Input <MA_i<23:21>> is never used. This port will be preserved and left unconnected if it belongs to a top-level block or it belongs to a sub-block and the hierarchy of this sub-block is preserved.
WARNING:Xst:647 - Input <MA_i<31:25>> is never used. This port will be preserved and left unconnected if it belongs to a top-level block or it belongs to a sub-block and the hierarchy of this sub-block is preserved.
WARNING:Xst:647 - Input <debug_i_sa> is never used. This port will be preserved and left unconnected if it belongs to a top-level block or it belongs to a sub-block and the hierarchy of this sub-block is preserved.
WARNING:Xst:647 - Input <debug_i_sc> is never used. This port will be preserved and left unconnected if it belongs to a top-level block or it belongs to a sub-block and the hierarchy of this sub-block is preserved.
    Found 3-bit register for signal <curr_state>.
    Found 4-bit register for signal <Rst_proc.resetCnt_v>.
    Found 1-bit register for signal <done_s>.
    Found 1-bit register for signal <Ready_clk_i_s>.
    Found 3-bit register for signal <prev_state>.
    Found 1-bit register for signal <in_init_s>.
    Found 32-bit register for signal <address_in_s>.
    Found 32-bit register for signal <data_in_s>.
    Found 2-bit register for signal <feedback_done>.
    Found 1-bit register for signal <in_init_st_s<0>>.
    Found 1-bit register for signal <in_init_st_s<1>>.
    Found 1-bit register for signal <step_en_sh_s>.
    Found 1-bit register for signal <step_en_l_s>.
    Found 32-bit register for signal <data_out_s>.
    Found 1-bit register for signal <reset_s>.
    Found finite state machine <FSM_0> for signal <curr_state>.
    -----------------------------------------------------------------------
    | States             | 5                                              |
    | Transitions        | 15                                             |
    | Inputs             | 5                                              |
    | Outputs            | 6                                              |
    | Clock              | clk_i (rising_edge)                            |
    | Reset              | reset_s (positive)                             |
    | Reset type         | asynchronous                                   |
    | Reset State        | 000                                            |
    | Power Up State     | 000                                            |
    | Encoding           | auto                                           |
    | Implementation     | LUT                                            |
    -----------------------------------------------------------------------
    Found 4-bit subtractor for signal <GND_52_o_GND_52_o_sub_2_OUT<3:0>> created at line 169.
WARNING:Xst:737 - Found 1-bit latch for signal <DO_s<31>>. Latches may be generated from incomplete case or if statements. We do not recommend the use of latches in FPGA/CPLD designs, as they may lead to timing problems.
WARNING:Xst:737 - Found 1-bit latch for signal <DO_s<30>>. Latches may be generated from incomplete case or if statements. We do not recommend the use of latches in FPGA/CPLD designs, as they may lead to timing problems.
WARNING:Xst:737 - Found 1-bit latch for signal <DO_s<29>>. Latches may be generated from incomplete case or if statements. We do not recommend the use of latches in FPGA/CPLD designs, as they may lead to timing problems.
WARNING:Xst:737 - Found 1-bit latch for signal <DO_s<28>>. Latches may be generated from incomplete case or if statements. We do not recommend the use of latches in FPGA/CPLD designs, as they may lead to timing problems.
WARNING:Xst:737 - Found 1-bit latch for signal <DO_s<27>>. Latches may be generated from incomplete case or if statements. We do not recommend the use of latches in FPGA/CPLD designs, as they may lead to timing problems.
WARNING:Xst:737 - Found 1-bit latch for signal <DO_s<26>>. Latches may be generated from incomplete case or if statements. We do not recommend the use of latches in FPGA/CPLD designs, as they may lead to timing problems.
WARNING:Xst:737 - Found 1-bit latch for signal <DO_s<25>>. Latches may be generated from incomplete case or if statements. We do not recommend the use of latches in FPGA/CPLD designs, as they may lead to timing problems.
WARNING:Xst:737 - Found 1-bit latch for signal <DO_s<24>>. Latches may be generated from incomplete case or if statements. We do not recommend the use of latches in FPGA/CPLD designs, as they may lead to timing problems.
WARNING:Xst:737 - Found 1-bit latch for signal <DO_s<23>>. Latches may be generated from incomplete case or if statements. We do not recommend the use of latches in FPGA/CPLD designs, as they may lead to timing problems.
WARNING:Xst:737 - Found 1-bit latch for signal <DO_s<22>>. Latches may be generated from incomplete case or if statements. We do not recommend the use of latches in FPGA/CPLD designs, as they may lead to timing problems.
WARNING:Xst:737 - Found 1-bit latch for signal <DO_s<21>>. Latches may be generated from incomplete case or if statements. We do not recommend the use of latches in FPGA/CPLD designs, as they may lead to timing problems.
WARNING:Xst:737 - Found 1-bit latch for signal <DO_s<20>>. Latches may be generated from incomplete case or if statements. We do not recommend the use of latches in FPGA/CPLD designs, as they may lead to timing problems.
WARNING:Xst:737 - Found 1-bit latch for signal <DO_s<19>>. Latches may be generated from incomplete case or if statements. We do not recommend the use of latches in FPGA/CPLD designs, as they may lead to timing problems.
WARNING:Xst:737 - Found 1-bit latch for signal <DO_s<18>>. Latches may be generated from incomplete case or if statements. We do not recommend the use of latches in FPGA/CPLD designs, as they may lead to timing problems.
WARNING:Xst:737 - Found 1-bit latch for signal <DO_s<17>>. Latches may be generated from incomplete case or if statements. We do not recommend the use of latches in FPGA/CPLD designs, as they may lead to timing problems.
WARNING:Xst:737 - Found 1-bit latch for signal <DO_s<16>>. Latches may be generated from incomplete case or if statements. We do not recommend the use of latches in FPGA/CPLD designs, as they may lead to timing problems.
WARNING:Xst:737 - Found 1-bit latch for signal <DO_s<15>>. Latches may be generated from incomplete case or if statements. We do not recommend the use of latches in FPGA/CPLD designs, as they may lead to timing problems.
WARNING:Xst:737 - Found 1-bit latch for signal <DO_s<14>>. Latches may be generated from incomplete case or if statements. We do not recommend the use of latches in FPGA/CPLD designs, as they may lead to timing problems.
WARNING:Xst:737 - Found 1-bit latch for signal <DO_s<13>>. Latches may be generated from incomplete case or if statements. We do not recommend the use of latches in FPGA/CPLD designs, as they may lead to timing problems.
WARNING:Xst:737 - Found 1-bit latch for signal <DO_s<12>>. Latches may be generated from incomplete case or if statements. We do not recommend the use of latches in FPGA/CPLD designs, as they may lead to timing problems.
WARNING:Xst:737 - Found 1-bit latch for signal <DO_s<11>>. Latches may be generated from incomplete case or if statements. We do not recommend the use of latches in FPGA/CPLD designs, as they may lead to timing problems.
WARNING:Xst:737 - Found 1-bit latch for signal <DO_s<10>>. Latches may be generated from incomplete case or if statements. We do not recommend the use of latches in FPGA/CPLD designs, as they may lead to timing problems.
WARNING:Xst:737 - Found 1-bit latch for signal <DO_s<9>>. Latches may be generated from incomplete case or if statements. We do not recommend the use of latches in FPGA/CPLD designs, as they may lead to timing problems.
WARNING:Xst:737 - Found 1-bit latch for signal <DO_s<8>>. Latches may be generated from incomplete case or if statements. We do not recommend the use of latches in FPGA/CPLD designs, as they may lead to timing problems.
WARNING:Xst:737 - Found 1-bit latch for signal <DO_s<7>>. Latches may be generated from incomplete case or if statements. We do not recommend the use of latches in FPGA/CPLD designs, as they may lead to timing problems.
WARNING:Xst:737 - Found 1-bit latch for signal <DO_s<6>>. Latches may be generated from incomplete case or if statements. We do not recommend the use of latches in FPGA/CPLD designs, as they may lead to timing problems.
WARNING:Xst:737 - Found 1-bit latch for signal <DO_s<5>>. Latches may be generated from incomplete case or if statements. We do not recommend the use of latches in FPGA/CPLD designs, as they may lead to timing problems.
WARNING:Xst:737 - Found 1-bit latch for signal <DO_s<4>>. Latches may be generated from incomplete case or if statements. We do not recommend the use of latches in FPGA/CPLD designs, as they may lead to timing problems.
WARNING:Xst:737 - Found 1-bit latch for signal <DO_s<3>>. Latches may be generated from incomplete case or if statements. We do not recommend the use of latches in FPGA/CPLD designs, as they may lead to timing problems.
WARNING:Xst:737 - Found 1-bit latch for signal <DO_s<2>>. Latches may be generated from incomplete case or if statements. We do not recommend the use of latches in FPGA/CPLD designs, as they may lead to timing problems.
WARNING:Xst:737 - Found 1-bit latch for signal <DO_s<1>>. Latches may be generated from incomplete case or if statements. We do not recommend the use of latches in FPGA/CPLD designs, as they may lead to timing problems.
WARNING:Xst:737 - Found 1-bit latch for signal <DO_s<0>>. Latches may be generated from incomplete case or if statements. We do not recommend the use of latches in FPGA/CPLD designs, as they may lead to timing problems.
    Summary:
	inferred   1 Adder/Subtractor(s).
	inferred 113 D-type flip-flop(s).
	inferred  32 Latch(s).
	inferred 175 Multiplexer(s).
	inferred   1 Finite State Machine(s).
Unit <Interface_Ctrl_U> synthesized.

Synthesizing Unit <sdram_adapter_U>.
    Related source file is "C:\Users\administrator.CLS-210-PC\Desktop\saed\Lab_base\IO_LOGIC_U\sdram_adapter_U.vhd".
WARNING:Xst:647 - Input <opBegun> is never used. This port will be preserved and left unconnected if it belongs to a top-level block or it belongs to a sub-block and the hierarchy of this sub-block is preserved.
WARNING:Xst:647 - Input <rdPending> is never used. This port will be preserved and left unconnected if it belongs to a top-level block or it belongs to a sub-block and the hierarchy of this sub-block is preserved.
    Found 1-bit register for signal <done_d>.
    Found 1-bit register for signal <as_d>.
    Found 2-bit register for signal <curr_state>.
    Found 32-bit register for signal <int_DO>.
    Found 1-bit register for signal <XSA_done_deasserted>.
    Found finite state machine <FSM_1> for signal <curr_state>.
    -----------------------------------------------------------------------
    | States             | 4                                              |
    | Transitions        | 9                                              |
    | Inputs             | 4                                              |
    | Outputs            | 6                                              |
    | Clock              | bufclk (rising_edge)                           |
    | Reset              | RESET (positive)                               |
    | Reset type         | asynchronous                                   |
    | Reset State        | 00                                             |
    | Encoding           | auto                                           |
    | Implementation     | LUT                                            |
    -----------------------------------------------------------------------
    Summary:
	inferred  35 D-type flip-flop(s).
	inferred   1 Multiplexer(s).
	inferred   1 Finite State Machine(s).
Unit <sdram_adapter_U> synthesized.

Synthesizing Unit <Sync_U>.
    Related source file is "C:\Users\administrator.CLS-210-PC\Desktop\saed\Lab_base\IO_LOGIC_U\IO_LOGIC_U.vhd".
    Summary:
	no macro.
Unit <Sync_U> synthesized.

Synthesizing Unit <RamCtrlSync>.
    Related source file is "C:\Users\administrator.CLS-210-PC\Desktop\saed\Lab_base\IO_LOGIC_U\HostIoToDut_U.vhd".
WARNING:Xst:647 - Input <drck_i> is never used. This port will be preserved and left unconnected if it belongs to a top-level block or it belongs to a sub-block and the hierarchy of this sub-block is preserved.
    Found 1-bit register for signal <prevCtrlIn_v>.
    Found 1-bit register for signal <doneOut_o>.
    Found 1-bit register for signal <ctrlOut_o>.
    Summary:
	inferred   3 D-type flip-flop(s).
Unit <RamCtrlSync> synthesized.

Synthesizing Unit <SyncToClock>.
    Related source file is "C:\Users\administrator.CLS-210-PC\Desktop\saed\Lab_base\IO_LOGIC_U\SyncToClk.vhd".
    Found 2-bit register for signal <sync_r>.
    Summary:
	inferred   2 D-type flip-flop(s).
Unit <SyncToClock> synthesized.

Synthesizing Unit <SdramCntl_U>.
    Related source file is "C:\Users\administrator.CLS-210-PC\Desktop\saed\Lab_base\IO_LOGIC_U\SdramCntl.vhd".
        FREQ_G = 60.0
        IN_PHASE_G = true
        PIPE_EN_G = false
        MAX_NOP_G = 10000
        ENABLE_REFRESH_G = true
        MULTIPLE_ACTIVE_ROWS_G = false
        DATA_WIDTH_G = 16
        NROWS_G = 8192
        NCOLS_G = 512
        HADDR_WIDTH_G = 24
        SADDR_WIDTH_G = 13
        T_INIT_G = 200000.0
        T_RAS_G = 45.0
        T_RCD_G = 20.0
        T_REF_G = 64000000.0
        T_RFC_G = 65.0
        T_RP_G = 20.0
        T_XSR_G = 75.0
    Register <wrPipeline_r<0>> equivalent to <sDataDir_r> has been removed
    Found 14-bit register for signal <rfshCntr_r>.
    Found 14-bit register for signal <timer_r>.
    Found 14-bit register for signal <nopCntr_r>.
    Found 2-bit register for signal <rasTimer_r>.
    Found 2-bit register for signal <wrTimer_r>.
    Found 2-bit register for signal <ba_r>.
    Found 5-bit register for signal <rdPipeline_r>.
    Found 6-bit register for signal <cmd_r>.
    Found 13-bit register for signal <sAddr_r>.
    Found 16-bit register for signal <sData_r>.
    Found 16-bit register for signal <sdramData_r>.
    Found 3-bit register for signal <state_r>.
    Found 9-bit register for signal <refTimer_r>.
    Found 1-bit register for signal <activeFlag_r>.
    Found 1-bit register for signal <opBegun_r>.
    Found 1-bit register for signal <cke_r>.
    Found 1-bit register for signal <sDataDir_r>.
    Found 2-bit register for signal <activeBank_r>.
    Found 13-bit register for signal <activeRow_r<0>>.
    Found finite state machine <FSM_2> for signal <state_r>.
    -----------------------------------------------------------------------
    | States             | 8                                              |
    | Transitions        | 28                                             |
    | Inputs             | 12                                             |
    | Outputs            | 4                                              |
    | Clock              | clk_i (rising_edge)                            |
    | Reset              | rst_i (positive)                               |
    | Reset type         | asynchronous                                   |
    | Reset State        | initwait                                       |
    | Power Up State     | initwait                                       |
    | Encoding           | auto                                           |
    | Implementation     | LUT                                            |
    -----------------------------------------------------------------------
    Found 14-bit adder for signal <nopCntr_r[13]_GND_92_o_add_11_OUT> created at line 510.
    Found 14-bit adder for signal <rfshCntr_r[13]_GND_92_o_add_22_OUT> created at line 556.
    Found 2-bit subtractor for signal <GND_92_o_GND_92_o_sub_16_OUT<1:0>> created at line 526.
    Found 2-bit subtractor for signal <GND_92_o_GND_92_o_sub_19_OUT<1:0>> created at line 539.
    Found 9-bit subtractor for signal <GND_92_o_GND_92_o_sub_22_OUT<8:0>> created at line 550.
    Found 14-bit subtractor for signal <GND_92_o_GND_92_o_sub_27_OUT<13:0>> created at line 565.
    Found 14-bit subtractor for signal <GND_92_o_GND_92_o_sub_82_OUT<13:0>> created at line 746.
    Found 13-bit 7-to-1 multiplexer for signal <state_r[2]_col_s[11]_wide_mux_91_OUT> created at line 574.
    Found 1-bit tristate buffer for signal <sdData_io<15>> created at line 394
    Found 1-bit tristate buffer for signal <sdData_io<14>> created at line 394
    Found 1-bit tristate buffer for signal <sdData_io<13>> created at line 394
    Found 1-bit tristate buffer for signal <sdData_io<12>> created at line 394
    Found 1-bit tristate buffer for signal <sdData_io<11>> created at line 394
    Found 1-bit tristate buffer for signal <sdData_io<10>> created at line 394
    Found 1-bit tristate buffer for signal <sdData_io<9>> created at line 394
    Found 1-bit tristate buffer for signal <sdData_io<8>> created at line 394
    Found 1-bit tristate buffer for signal <sdData_io<7>> created at line 394
    Found 1-bit tristate buffer for signal <sdData_io<6>> created at line 394
    Found 1-bit tristate buffer for signal <sdData_io<5>> created at line 394
    Found 1-bit tristate buffer for signal <sdData_io<4>> created at line 394
    Found 1-bit tristate buffer for signal <sdData_io<3>> created at line 394
    Found 1-bit tristate buffer for signal <sdData_io<2>> created at line 394
    Found 1-bit tristate buffer for signal <sdData_io<1>> created at line 394
    Found 1-bit tristate buffer for signal <sdData_io<0>> created at line 394
    Found 2-bit comparator not equal for signal <n0026> created at line 493
    Found 13-bit comparator not equal for signal <n0028> created at line 493
    Summary:
	inferred   7 Adder/Subtractor(s).
	inferred 132 D-type flip-flop(s).
	inferred   2 Comparator(s).
	inferred  67 Multiplexer(s).
	inferred  16 Tristate(s).
	inferred   1 Finite State Machine(s).
Unit <SdramCntl_U> synthesized.

Synthesizing Unit <monitor_salve>.
    Related source file is "C:\Users\administrator.CLS-210-PC\Desktop\saed\saleh\Week7\SOURCE_VER_before_edit\monitor_slave.v".
    Summary:
	no macro.
Unit <monitor_salve> synthesized.

Synthesizing Unit <logic_analyzer>.
    Related source file is "C:\Users\administrator.CLS-210-PC\Desktop\saed\saleh\Week7\SOURCE_VER_before_edit\logic_analyzer.v".
    Found 1-bit register for signal <in_int_reg>.
    Found 1-bit register for signal <sts_ce_reg>.
    Found 5-bit register for signal <status_reg>.
    Found 1-bit register for signal <run_flag>.
    Summary:
	inferred   8 D-type flip-flop(s).
Unit <logic_analyzer> synthesized.

Synthesizing Unit <CNT5>.
    Related source file is "C:\Users\administrator.CLS-210-PC\Desktop\saed\saleh\Week7\SOURCE_VER_before_edit\CNT5.v".
    Found 5-bit register for signal <CNT_S>.
    Found 5-bit adder for signal <CNT_S[4]_GND_113_o_add_3_OUT> created at line 35.
    Summary:
	inferred   1 Adder/Subtractor(s).
	inferred   5 D-type flip-flop(s).
Unit <CNT5> synthesized.

Synthesizing Unit <MUX5bit>.
    Related source file is "C:\Users\administrator.CLS-210-PC\Desktop\saed\saleh\Week7\SOURCE_VER_before_edit\MUX5bit.v".
    Summary:
	inferred   1 Multiplexer(s).
Unit <MUX5bit> synthesized.

Synthesizing Unit <RAM32x32>.
    Related source file is "C:\Users\administrator.CLS-210-PC\Desktop\saed\saleh\Week7\SOURCE_VER_before_edit\RAM32x32.v".
    Found 32x32-bit single-port RAM <Mram_memory_array> for signal <memory_array>.
    Summary:
	inferred   1 RAM(s).
Unit <RAM32x32> synthesized.

Synthesizing Unit <id_module>.
    Related source file is "C:\Users\administrator.CLS-210-PC\Desktop\saed\saleh\Week7\SOURCE_VER_before_edit\id_module.v".
    Summary:
	no macro.
Unit <id_module> synthesized.

Synthesizing Unit <salve_top>.
    Related source file is "C:\Users\administrator.CLS-210-PC\Desktop\saed\saleh\Week7\SOURCE_VER_before_edit\salve_top.v".
    Found 1-bit register for signal <x2>.
    Found 1-bit register for signal <x3>.
    Found 1-bit register for signal <x1>.
    Summary:
	inferred   3 D-type flip-flop(s).
Unit <salve_top> synthesized.

Synthesizing Unit <MUX4_32bit>.
    Related source file is "C:\Users\administrator.CLS-210-PC\Desktop\saed\saleh\Week7\SOURCE_VER_before_edit\MUX4_32bit.v".
    Summary:
	inferred   3 Multiplexer(s).
Unit <MUX4_32bit> synthesized.

Synthesizing Unit <DLX>.
    Related source file is "C:\Users\administrator.CLS-210-PC\Desktop\saed\saleh\Week7\SOURCE_VER_before_edit\DLX.v".
INFO:Xst:3210 - "C:\Users\administrator.CLS-210-PC\Desktop\saed\saleh\Week7\SOURCE_VER_before_edit\DLX.v" line 138: Output port <sigmoid> of the instance <u_control> is unconnected or connected to loadless signal.
INFO:Xst:3210 - "C:\Users\administrator.CLS-210-PC\Desktop\saed\saleh\Week7\SOURCE_VER_before_edit\DLX.v" line 138: Output port <softmax_active> of the instance <u_control> is unconnected or connected to loadless signal.
    Summary:
	no macro.
Unit <DLX> synthesized.

Synthesizing Unit <data_path>.
    Related source file is "C:\Users\administrator.CLS-210-PC\Desktop\saed\saleh\Week7\SOURCE_VER_before_edit\data_path.v".
INFO:Xst:3210 - "C:\Users\administrator.CLS-210-PC\Desktop\saed\saleh\Week7\SOURCE_VER_before_edit\data_path.v" line 158: Output port <softmax_dbg_max> of the instance <activation_engine_inst> is unconnected or connected to loadless signal.
INFO:Xst:3210 - "C:\Users\administrator.CLS-210-PC\Desktop\saed\saleh\Week7\SOURCE_VER_before_edit\data_path.v" line 158: Output port <softmax_dbg_denom> of the instance <activation_engine_inst> is unconnected or connected to loadless signal.
INFO:Xst:3210 - "C:\Users\administrator.CLS-210-PC\Desktop\saed\saleh\Week7\SOURCE_VER_before_edit\data_path.v" line 158: Output port <softmax_dbg_idx> of the instance <activation_engine_inst> is unconnected or connected to loadless signal.
INFO:Xst:3210 - "C:\Users\administrator.CLS-210-PC\Desktop\saed\saleh\Week7\SOURCE_VER_before_edit\data_path.v" line 158: Output port <act_done> of the instance <activation_engine_inst> is unconnected or connected to loadless signal.
    Summary:
	inferred   2 Multiplexer(s).
Unit <data_path> synthesized.

Synthesizing Unit <REG32CE>.
    Related source file is "C:\Users\administrator.CLS-210-PC\Desktop\saed\saleh\Week7\SOURCE_VER_before_edit\REG32CE.v".
    Found 32-bit register for signal <REG>.
    Summary:
	inferred  32 D-type flip-flop(s).
Unit <REG32CE> synthesized.

Synthesizing Unit <GPR>.
    Related source file is "C:\Users\administrator.CLS-210-PC\Desktop\saed\saleh\Week7\SOURCE_VER_before_edit\GPR.v".
    Summary:
	inferred   6 Multiplexer(s).
Unit <GPR> synthesized.

Synthesizing Unit <AEQZ>.
    Related source file is "C:\Users\administrator.CLS-210-PC\Desktop\saed\saleh\Week7\SOURCE_VER_before_edit\AEQZ.v".
    Summary:
	no macro.
Unit <AEQZ> synthesized.

Synthesizing Unit <MUX4to1>.
    Related source file is "C:\Users\administrator.CLS-210-PC\Desktop\saed\saleh\Week7\SOURCE_VER_before_edit\MUX4to1.v".
    Found 32-bit 4-to-1 multiplexer for signal <O> created at line 32.
    Summary:
	inferred   1 Multiplexer(s).
Unit <MUX4to1> synthesized.

Synthesizing Unit <REG32RST>.
    Related source file is "C:\Users\administrator.CLS-210-PC\Desktop\saed\saleh\Week7\SOURCE_VER_before_edit\RE32RST.v".
    Found 32-bit register for signal <REG>.
    Summary:
	inferred  32 D-type flip-flop(s).
Unit <REG32RST> synthesized.

Synthesizing Unit <MUX2to1>.
    Related source file is "C:\Users\administrator.CLS-210-PC\Desktop\saed\saleh\Week7\SOURCE_VER_before_edit\MUX2to1.v".
    Summary:
	inferred   1 Multiplexer(s).
Unit <MUX2to1> synthesized.

Synthesizing Unit <SHIFT_ENV>.
    Related source file is "C:\Users\administrator.CLS-210-PC\Desktop\saed\saleh\Week7\SOURCE_VER_before_edit\SHIFT_ENV.v".
    Found 32-bit 3-to-1 multiplexer for signal <D_OUT> created at line 29.
    Summary:
	inferred   1 Multiplexer(s).
Unit <SHIFT_ENV> synthesized.

Synthesizing Unit <IR_ENV>.
    Related source file is "C:\Users\administrator.CLS-210-PC\Desktop\saed\saleh\Week7\SOURCE_VER_before_edit\IR_ENV.v".
        I_TYPE = 1'b1
        R_TYPE = 1'b0
WARNING:Xst:647 - Input <reset> is never used. This port will be preserved and left unconnected if it belongs to a top-level block or it belongs to a sub-block and the hierarchy of this sub-block is preserved.
    Summary:
	inferred   3 Multiplexer(s).
Unit <IR_ENV> synthesized.

Synthesizing Unit <ALU>.
    Related source file is "C:\Users\administrator.CLS-210-PC\Desktop\saed\saleh\Week7\SOURCE_VER_before_edit\ALU.v".
INFO:Xst:3210 - "C:\Users\administrator.CLS-210-PC\Desktop\saed\saleh\Week7\SOURCE_VER_before_edit\ALU.v" line 74: Output port <ovf> of the instance <ADD_SUB_inst> is unconnected or connected to loadless signal.
    Summary:
	inferred   1 Multiplexer(s).
Unit <ALU> synthesized.

Synthesizing Unit <OR32>.
    Related source file is "C:\Users\administrator.CLS-210-PC\Desktop\saed\saleh\Week7\SOURCE_VER_before_edit\OR32.v".
    Summary:
	no macro.
Unit <OR32> synthesized.

Synthesizing Unit <AND32>.
    Related source file is "C:\Users\administrator.CLS-210-PC\Desktop\saed\saleh\Week7\SOURCE_VER_before_edit\AND32.v".
    Summary:
	no macro.
Unit <AND32> synthesized.

Synthesizing Unit <XOR32>.
    Related source file is "C:\Users\administrator.CLS-210-PC\Desktop\saed\saleh\Week7\SOURCE_VER_before_edit\XOR32.v".
    Summary:
Unit <XOR32> synthesized.

Synthesizing Unit <COMPERATOR>.
    Related source file is "C:\Users\administrator.CLS-210-PC\Desktop\saed\saleh\Week7\SOURCE_VER_before_edit\COMPERATOR.v".
    Summary:
	no macro.
Unit <COMPERATOR> synthesized.

Synthesizing Unit <ADD_SUB>.
    Related source file is "C:\Users\administrator.CLS-210-PC\Desktop\saed\saleh\Week7\SOURCE_VER_before_edit\ADD_SUB.v".
INFO:Xst:3210 - "C:\Users\administrator.CLS-210-PC\Desktop\saed\saleh\Week7\SOURCE_VER_before_edit\ADD_SUB.v" line 48: Output port <CO> of the instance <ADD16_inst2> is unconnected or connected to loadless signal.
INFO:Xst:3210 - "C:\Users\administrator.CLS-210-PC\Desktop\saed\saleh\Week7\SOURCE_VER_before_edit\ADD_SUB.v" line 52: Output port <CO> of the instance <ADD16_inst3> is unconnected or connected to loadless signal.
    Summary:
	inferred   2 Multiplexer(s).
Unit <ADD_SUB> synthesized.

Synthesizing Unit <ADD16>.
    Related source file is "C:\Users\administrator.CLS-210-PC\Desktop\saed\saleh\Week7\SOURCE_VER_before_edit\ADD16.vhf".
    Set property "HU_SET = XLXI_1_0" for instance <XLXI_1>.
    Summary:
	no macro.
Unit <ADD16> synthesized.

Synthesizing Unit <ADSU16_HXILINX_ADD16>.
    Related source file is "C:\Users\administrator.CLS-210-PC\Desktop\saed\saleh\Week7\SOURCE_VER_before_edit\ADD16.vhf".
    Found 17-bit subtractor for signal <GND_136_o_GND_136_o_sub_3_OUT> created at line 50.
    Found 17-bit adder for signal <n0040> created at line 48.
    Found 17-bit adder for signal <BUS_0001_GND_136_o_add_1_OUT> created at line 48.
    Found 17-bit subtractor for signal <GND_136_o_GND_136_o_sub_4_OUT<16:0>> created at line 50.
    Summary:
	inferred   2 Adder/Subtractor(s).
	inferred   4 Multiplexer(s).
Unit <ADSU16_HXILINX_ADD16> synthesized.

Synthesizing Unit <ActivationEngine>.
    Related source file is "C:\Users\administrator.CLS-210-PC\Desktop\saed\saleh\Week7\SOURCE_VER_before_edit\ActivationEngine.v".
WARNING:Xst:647 - Input <opcode<5:3>> is never used. This port will be preserved and left unconnected if it belongs to a top-level block or it belongs to a sub-block and the hierarchy of this sub-block is preserved.
    Summary:
	inferred   2 Multiplexer(s).
Unit <ActivationEngine> synthesized.

Synthesizing Unit <sigmoid_subenv>.
    Related source file is "C:\Users\administrator.CLS-210-PC\Desktop\saed\saleh\Week7\SOURCE_VER_before_edit\sigmoid_subenv.v".
    Found 17-bit register for signal <sig_g1<16:0>>.
    Found 1-bit register for signal <cnt>.
    Found 32-bit register for signal <x_g1>.
    Found 32-bit adder for signal <n0042> created at line 72.
    Found 32-bit adder for signal <n0045> created at line 72.
    Found 32-bit adder for signal <n0048> created at line 72.
    Found 32-bit adder for signal <n0051> created at line 72.
    Found 32-bit adder for signal <x_gelu> created at line 72.
    Found 32-bit adder for signal <y_tanh> created at line 93.
    Found 32x18-bit multiplier for signal <n0025> created at line 103.
    Summary:
	inferred   1 Multiplier(s).
	inferred   6 Adder/Subtractor(s).
	inferred  50 D-type flip-flop(s).
	inferred   1 Multiplexer(s).
Unit <sigmoid_subenv> synthesized.

Synthesizing Unit <sigmoid>.
    Related source file is "C:\Users\administrator.CLS-210-PC\Desktop\saed\saleh\Week7\SOURCE_VER_before_edit\sigmoid.v".
    Found 32-bit subtractor for signal <GND_139_o_GND_139_o_sub_16_OUT> created at line 63.
    Found 32-bit adder for signal <x[31]_GND_139_o_add_1_OUT> created at line 45.
    Found 28-bit adder for signal <n0042[27:0]> created at line 51.
    Found 30-bit adder for signal <n0044[29:0]> created at line 53.
    Found 30-bit adder for signal <n0046[29:0]> created at line 55.
    Found 31-bit adder for signal <n0048[30:0]> created at line 57.
    Found 32-bit comparator lessequal for signal <n0003> created at line 48
    Found 32-bit comparator lessequal for signal <n0005> created at line 50
    Found 32-bit comparator lessequal for signal <n0008> created at line 52
    Found 32-bit comparator lessequal for signal <n0011> created at line 54
    Summary:
	inferred   6 Adder/Subtractor(s).
	inferred   4 Comparator(s).
	inferred   6 Multiplexer(s).
Unit <sigmoid> synthesized.

Synthesizing Unit <ReLU>.
    Related source file is "C:\Users\administrator.CLS-210-PC\Desktop\saed\saleh\Week7\SOURCE_VER_before_edit\ReLU.v".
    Summary:
	inferred   1 Multiplexer(s).
Unit <ReLU> synthesized.

Synthesizing Unit <softmax_subenv>.
    Related source file is "C:\Users\administrator.CLS-210-PC\Desktop\saed\saleh\Week7\SOURCE_VER_before_edit\softmax_subenv.v".
INFO:Xst:3210 - "C:\Users\administrator.CLS-210-PC\Desktop\saed\saleh\Week7\SOURCE_VER_before_edit\softmax_subenv.v" line 70: Output port <done> of the instance <u_fsm> is unconnected or connected to loadless signal.
    Found 1-bit register for signal <active>.
    Summary:
	inferred   1 D-type flip-flop(s).
Unit <softmax_subenv> synthesized.

Synthesizing Unit <softmax_ctrl_fsm>.
    Related source file is "C:\Users\administrator.CLS-210-PC\Desktop\saed\saleh\Week7\SOURCE_VER_before_edit\softmax_crtl_fsm.v".
    Found 32-bit register for signal <m_reg>.
    Found 32-bit register for signal <d_reg>.
    Found 11-bit register for signal <elem_idx>.
    Found 32-bit register for signal <x_latch>.
    Found 32-bit register for signal <rescale_reg>.
    Found 32-bit register for signal <recip_reg>.
    Found 32-bit register for signal <f_reg>.
    Found 32-bit register for signal <a_reg>.
    Found 32-bit register for signal <b_reg>.
    Found 1-bit register for signal <engine_req_next>.
    Found 32-bit register for signal <engine_result_out>.
    Found 1-bit register for signal <engine_result_valid>.
    Found 1-bit register for signal <pass>.
    Found 1-bit register for signal <done>.
    Found 4-bit register for signal <state>.
    Found finite state machine <FSM_3> for signal <state>.
    -----------------------------------------------------------------------
    | States             | 12                                             |
    | Transitions        | 18                                             |
    | Inputs             | 4                                              |
    | Outputs            | 8                                              |
    | Clock              | clk (rising_edge)                              |
    | Reset              | rst (positive)                                 |
    | Reset type         | synchronous                                    |
    | Reset State        | 0000                                           |
    | Encoding           | auto                                           |
    | Implementation     | LUT                                            |
    -----------------------------------------------------------------------
    Found 32-bit subtractor for signal <m_reg[31]_m_new[31]_sub_7_OUT> created at line 92.
    Found 32-bit subtractor for signal <x_latch[31]_m_reg[31]_sub_8_OUT> created at line 93.
    Found 11-bit subtractor for signal <vec_len[10]_GND_143_o_sub_22_OUT> created at line 197.
    Found 32-bit adder for signal <p1_d_new> created at line 108.
    Found 11-bit adder for signal <elem_idx[10]_GND_143_o_add_32_OUT> created at line 243.
    Found 32x32-bit multiplier for signal <p1_mul> created at line 102.
    Found 32x32-bit multiplier for signal <p2_mul> created at line 117.
    Found 32-bit comparator greater for signal <x_latch[31]_m_reg[31]_LessThan_4_o> created at line 89
    Found 11-bit comparator equal for signal <elem_idx[10]_vec_len[10]_equal_23_o> created at line 197
    Summary:
	inferred   2 Multiplier(s).
	inferred   4 Adder/Subtractor(s).
	inferred 303 D-type flip-flop(s).
	inferred   2 Comparator(s).
	inferred  10 Multiplexer(s).
	inferred   1 Finite State Machine(s).
Unit <softmax_ctrl_fsm> synthesized.

Synthesizing Unit <shift_exp>.
    Related source file is "C:\Users\administrator.CLS-210-PC\Desktop\saed\saleh\Week7\SOURCE_VER_before_edit\shift_exp.v".
    Found 32-bit adder for signal <v> created at line 8.
    Found 18-bit adder for signal <n0038[17:0]> created at line 16.
    Found 16-bit adder for signal <v_int[15]_GND_144_o_add_6_OUT> created at line 20.
    Found 32-bit shifter logical right for signal <base[31]_abs_v_int[4]_shift_right_9_OUT> created at line 26
    Found 32-bit shifter logical left for signal <base[31]_abs_v_int[4]_shift_left_10_OUT> created at line 27
    Found 32-bit comparator lessequal for signal <n0005> created at line 20
    Found 16-bit comparator greater for signal <underflow> created at line 23
    Summary:
	inferred   3 Adder/Subtractor(s).
	inferred   2 Comparator(s).
	inferred   3 Multiplexer(s).
	inferred   2 Combinational logic shifter(s).
Unit <shift_exp> synthesized.

Synthesizing Unit <pwl_reciprocal>.
    Related source file is "C:\Users\administrator.CLS-210-PC\Desktop\saed\saleh\Week7\SOURCE_VER_before_edit\pwl_reciprocal.v".
    Found 32-bit adder for signal <recip> created at line 47.
    Found 32x32-bit multiplier for signal <prod> created at line 42.
    Summary:
	inferred   1 Multiplier(s).
	inferred   1 Adder/Subtractor(s).
	inferred   3 Multiplexer(s).
Unit <pwl_reciprocal> synthesized.

Synthesizing Unit <softmax_dma>.
    Related source file is "C:\Users\administrator.CLS-210-PC\Desktop\saed\saleh\Week7\SOURCE_VER_before_edit\softmax_dma.v".
    Found 11-bit register for signal <idx>.
    Found 32-bit register for signal <data_latch>.
    Found 32-bit register for signal <result_latch>.
    Found 32-bit register for signal <base_reg>.
    Found 32-bit register for signal <out_reg>.
    Found 1-bit register for signal <mem_pending>.
    Found 32-bit register for signal <mem_addr>.
    Found 32-bit register for signal <mem_data_out>.
    Found 1-bit register for signal <mem_rd>.
    Found 1-bit register for signal <mem_wr>.
    Found 32-bit register for signal <engine_data_in>.
    Found 1-bit register for signal <engine_valid>.
    Found 1-bit register for signal <engine_result_ack>.
    Found 1-bit register for signal <dma_done>.
    Found 3-bit register for signal <state>.
    Found finite state machine <FSM_4> for signal <state>.
    -----------------------------------------------------------------------
    | States             | 8                                              |
    | Transitions        | 19                                             |
    | Inputs             | 7                                              |
    | Outputs            | 6                                              |
    | Clock              | clk (rising_edge)                              |
    | Reset              | rst (positive)                                 |
    | Reset type         | synchronous                                    |
    | Reset State        | 000                                            |
    | Encoding           | auto                                           |
    | Implementation     | LUT                                            |
    -----------------------------------------------------------------------
    Found 11-bit subtractor for signal <vec_len[10]_GND_147_o_sub_19_OUT> created at line 176.
    Found 32-bit adder for signal <rd_addr> created at line 72.
    Found 32-bit adder for signal <wr_addr> created at line 73.
    Found 11-bit adder for signal <idx[10]_GND_147_o_add_22_OUT> created at line 184.
    Found 11-bit comparator equal for signal <idx[10]_vec_len[10]_equal_20_o> created at line 176
    Summary:
	inferred   3 Adder/Subtractor(s).
	inferred 241 D-type flip-flop(s).
	inferred   1 Comparator(s).
	inferred   7 Multiplexer(s).
	inferred   1 Finite State Machine(s).
Unit <softmax_dma> synthesized.

Synthesizing Unit <multiplier>.
    Related source file is "C:\Users\administrator.CLS-210-PC\Desktop\saed\saleh\Week7\SOURCE_VER_before_edit\multiplayer.v".
    Found 32-bit register for signal <prod_r<47:16>>.
    Found 2-bit register for signal <cnt>.
    Found 64-bit register for signal <prod>.
    Found 2-bit adder for signal <cnt[1]_GND_148_o_add_6_OUT> created at line 32.
    Found 32x32-bit multiplier for signal <A[31]_B[31]_MuLt_1_OUT> created at line 26.
    Summary:
	inferred   1 Multiplier(s).
	inferred   1 Adder/Subtractor(s).
	inferred  98 D-type flip-flop(s).
Unit <multiplier> synthesized.

Synthesizing Unit <control>.
    Related source file is "C:\Users\administrator.CLS-210-PC\Desktop\saed\saleh\Week7\SOURCE_VER_before_edit\control.v".
WARNING:Xst:653 - Signal <softmax_active> is used but never assigned. This sourceless signal will be automatically connected to value GND.
    Summary:
	no macro.
Unit <control> synthesized.

Synthesizing Unit <dlx_control>.
    Related source file is "C:\Users\administrator.CLS-210-PC\Desktop\saed\saleh\Week7\SOURCE_VER_before_edit\dlx_control.v".
    Found 5-bit register for signal <current_state>.
    Found finite state machine <FSM_5> for signal <current_state>.
    -----------------------------------------------------------------------
    | States             | 26                                             |
    | Transitions        | 57                                             |
    | Inputs             | 15                                             |
    | Outputs            | 29                                             |
    | Clock              | clk (rising_edge)                              |
    | Reset              | reset (positive)                               |
    | Reset type         | synchronous                                    |
    | Reset State        | 00000                                          |
    | Encoding           | auto                                           |
    | Implementation     | LUT                                            |
    -----------------------------------------------------------------------
    Summary:
	inferred   2 Multiplexer(s).
	inferred   1 Finite State Machine(s).
Unit <dlx_control> synthesized.

Synthesizing Unit <mac_fsm>.
    Related source file is "C:\Users\administrator.CLS-210-PC\Desktop\saed\saleh\Week7\SOURCE_VER_before_edit\mac_fsm.v".
        WAIT4REQ = 2'b00
        WAIT4ACK = 2'b01
        TERMINATE = 2'b10
    Found 2-bit register for signal <current_state>.
    Found finite state machine <FSM_6> for signal <current_state>.
    -----------------------------------------------------------------------
    | States             | 3                                              |
    | Transitions        | 5                                              |
    | Inputs             | 2                                              |
    | Outputs            | 4                                              |
    | Clock              | clk (rising_edge)                              |
    | Reset              | reset (positive)                               |
    | Reset type         | synchronous                                    |
    | Reset State        | 00                                             |
    | Power Up State     | 00                                             |
    | Encoding           | auto                                           |
    | Implementation     | LUT                                            |
    -----------------------------------------------------------------------
    Summary:
	inferred   1 Multiplexer(s).
	inferred   1 Finite State Machine(s).
Unit <mac_fsm> synthesized.

Synthesizing Unit <mem_arbiter>.
    Related source file is "C:\Users\administrator.CLS-210-PC\Desktop\saed\saleh\Week7\SOURCE_VER_before_edit\mem_arbiter.v".
    Summary:
	inferred   6 Multiplexer(s).
Unit <mem_arbiter> synthesized.

=========================================================================
HDL Synthesis Report

Macro Statistics
# RAMs                                                 : 4
 32x32-bit single-port RAM                             : 4
# Multipliers                                          : 5
 32x18-bit multiplier                                  : 1
 32x32-bit multiplier                                  : 4
# Adders/Subtractors                                   : 41
 11-bit adder                                          : 2
 11-bit subtractor                                     : 2
 14-bit adder                                          : 2
 14-bit subtractor                                     : 2
 16-bit adder                                          : 1
 17-bit addsub                                         : 6
 18-bit adder                                          : 1
 2-bit adder                                           : 1
 2-bit subtractor                                      : 2
 28-bit adder                                          : 1
 30-bit adder                                          : 2
 31-bit adder                                          : 1
 32-bit adder                                          : 11
 32-bit subtractor                                     : 3
 4-bit subtractor                                      : 1
 5-bit adder                                           : 1
 6-bit subtractor                                      : 1
 9-bit subtractor                                      : 1
# Registers                                            : 103
 1-bit register                                        : 42
 11-bit register                                       : 2
 13-bit register                                       : 2
 14-bit register                                       : 3
 16-bit register                                       : 2
 17-bit register                                       : 1
 2-bit register                                        : 9
 3-bit register                                        : 1
 32-bit register                                       : 30
 4-bit register                                        : 1
 40-bit register                                       : 2
 5-bit register                                        : 3
 6-bit register                                        : 2
 64-bit register                                       : 1
 8-bit register                                        : 1
 9-bit register                                        : 1
# Latches                                              : 32
 1-bit latch                                           : 32
# Comparators                                          : 11
 11-bit comparator equal                               : 2
 13-bit comparator not equal                           : 1
 16-bit comparator greater                             : 1
 2-bit comparator not equal                            : 1
 32-bit comparator greater                             : 1
 32-bit comparator lessequal                           : 5
# Multiplexers                                         : 345
 1-bit 2-to-1 multiplexer                              : 220
 10-bit 2-to-1 multiplexer                             : 1
 11-bit 2-to-1 multiplexer                             : 5
 13-bit 2-to-1 multiplexer                             : 1
 13-bit 7-to-1 multiplexer                             : 1
 14-bit 2-to-1 multiplexer                             : 19
 16-bit 2-to-1 multiplexer                             : 3
 17-bit 2-to-1 multiplexer                             : 6
 2-bit 2-to-1 multiplexer                              : 11
 21-bit 2-to-1 multiplexer                             : 2
 3-bit 2-to-1 multiplexer                              : 2
 32-bit 2-to-1 multiplexer                             : 45
 32-bit 3-to-1 multiplexer                             : 1
 32-bit 4-to-1 multiplexer                             : 2
 4-bit 2-to-1 multiplexer                              : 4
 40-bit 2-to-1 multiplexer                             : 5
 5-bit 2-to-1 multiplexer                              : 6
 6-bit 2-to-1 multiplexer                              : 10
 9-bit 2-to-1 multiplexer                              : 1
# Logic shifters                                       : 2
 32-bit shifter logical left                           : 1
 32-bit shifter logical right                          : 1
# Tristates                                            : 16
 1-bit tristate buffer                                 : 16
# FSMs                                                 : 7
# Xors                                                 : 5
 1-bit xor2                                            : 2
 16-bit xor2                                           : 2
 32-bit xor2                                           : 1

=========================================================================
INFO:Xst:1767 - HDL ADVISOR - Resource sharing has identified that some arithmetic operations in this design can share the same physical resources for reduced device utilization. For improved clock frequency you may try to disable resource sharing.

=========================================================================
*                       Advanced HDL Synthesis                          *
=========================================================================

WARNING:Xst:1293 - FF/Latch <ba_r_0> has a constant value of 0 in block <u5>. This FF/Latch will be trimmed during the optimization process.
WARNING:Xst:1293 - FF/Latch <ba_r_1> has a constant value of 0 in block <u5>. This FF/Latch will be trimmed during the optimization process.
WARNING:Xst:1710 - FF/Latch <activeBank_r_0> (without init value) has a constant value of 0 in block <u5>. This FF/Latch will be trimmed during the optimization process.
WARNING:Xst:1710 - FF/Latch <activeBank_r_1> (without init value) has a constant value of 0 in block <u5>. This FF/Latch will be trimmed during the optimization process.
WARNING:Xst:2677 - Node <address_in_s_21> of sequential type is unconnected in block <u2>.
WARNING:Xst:2677 - Node <address_in_s_22> of sequential type is unconnected in block <u2>.
WARNING:Xst:2677 - Node <address_in_s_23> of sequential type is unconnected in block <u2>.
WARNING:Xst:2677 - Node <address_in_s_25> of sequential type is unconnected in block <u2>.
WARNING:Xst:2677 - Node <address_in_s_26> of sequential type is unconnected in block <u2>.
WARNING:Xst:2677 - Node <address_in_s_27> of sequential type is unconnected in block <u2>.
WARNING:Xst:2677 - Node <address_in_s_28> of sequential type is unconnected in block <u2>.
WARNING:Xst:2677 - Node <address_in_s_29> of sequential type is unconnected in block <u2>.
WARNING:Xst:2677 - Node <address_in_s_30> of sequential type is unconnected in block <u2>.
WARNING:Xst:2677 - Node <address_in_s_31> of sequential type is unconnected in block <u2>.
WARNING:Xst:2677 - Node <vectorToDut_o_38> of sequential type is unconnected in block <u1>.
WARNING:Xst:2677 - Node <vectorToDut_o_39> of sequential type is unconnected in block <u1>.
WARNING:Xst:2677 - Node <prod_0> of sequential type is unconnected in block <mult>.
WARNING:Xst:2677 - Node <prod_1> of sequential type is unconnected in block <mult>.
WARNING:Xst:2677 - Node <prod_2> of sequential type is unconnected in block <mult>.
WARNING:Xst:2677 - Node <prod_3> of sequential type is unconnected in block <mult>.
WARNING:Xst:2677 - Node <prod_4> of sequential type is unconnected in block <mult>.
WARNING:Xst:2677 - Node <prod_5> of sequential type is unconnected in block <mult>.
WARNING:Xst:2677 - Node <prod_6> of sequential type is unconnected in block <mult>.
WARNING:Xst:2677 - Node <prod_7> of sequential type is unconnected in block <mult>.
WARNING:Xst:2677 - Node <prod_8> of sequential type is unconnected in block <mult>.
WARNING:Xst:2677 - Node <prod_9> of sequential type is unconnected in block <mult>.
WARNING:Xst:2677 - Node <prod_10> of sequential type is unconnected in block <mult>.
WARNING:Xst:2677 - Node <prod_11> of sequential type is unconnected in block <mult>.
WARNING:Xst:2677 - Node <prod_12> of sequential type is unconnected in block <mult>.
WARNING:Xst:2677 - Node <prod_13> of sequential type is unconnected in block <mult>.
WARNING:Xst:2677 - Node <prod_14> of sequential type is unconnected in block <mult>.
WARNING:Xst:2677 - Node <prod_15> of sequential type is unconnected in block <mult>.
WARNING:Xst:2677 - Node <prod_48> of sequential type is unconnected in block <mult>.
WARNING:Xst:2677 - Node <prod_49> of sequential type is unconnected in block <mult>.
WARNING:Xst:2677 - Node <prod_50> of sequential type is unconnected in block <mult>.
WARNING:Xst:2677 - Node <prod_51> of sequential type is unconnected in block <mult>.
WARNING:Xst:2677 - Node <prod_52> of sequential type is unconnected in block <mult>.
WARNING:Xst:2677 - Node <prod_53> of sequential type is unconnected in block <mult>.
WARNING:Xst:2677 - Node <prod_54> of sequential type is unconnected in block <mult>.
WARNING:Xst:2677 - Node <prod_55> of sequential type is unconnected in block <mult>.
WARNING:Xst:2677 - Node <prod_56> of sequential type is unconnected in block <mult>.
WARNING:Xst:2677 - Node <prod_57> of sequential type is unconnected in block <mult>.
WARNING:Xst:2677 - Node <prod_58> of sequential type is unconnected in block <mult>.
WARNING:Xst:2677 - Node <prod_59> of sequential type is unconnected in block <mult>.
WARNING:Xst:2677 - Node <prod_60> of sequential type is unconnected in block <mult>.
WARNING:Xst:2677 - Node <prod_61> of sequential type is unconnected in block <mult>.
WARNING:Xst:2677 - Node <prod_62> of sequential type is unconnected in block <mult>.
WARNING:Xst:2677 - Node <prod_63> of sequential type is unconnected in block <mult>.

Synthesizing (advanced) Unit <CNT5>.
The following registers are absorbed into counter <CNT_S>: 1 register on signal <CNT_S>.
Unit <CNT5> synthesized (advanced).

Synthesizing (advanced) Unit <Interface_Ctrl_U>.
The following registers are absorbed into counter <Rst_proc.resetCnt_v>: 1 register on signal <Rst_proc.resetCnt_v>.
Unit <Interface_Ctrl_U> synthesized (advanced).

Synthesizing (advanced) Unit <RAM32x32>.
INFO:Xst:3218 - HDL ADVISOR - The RAM <Mram_memory_array> will be implemented on LUTs either because you have described an asynchronous read or because of currently unsupported block RAM features. If you have described an asynchronous read, making it synchronous would allow you to take advantage of available block RAM resources, for optimized device usage and improved timings. Please refer to your documentation for coding guidelines.
    -----------------------------------------------------------------------
    | ram_type           | Distributed                         |          |
    -----------------------------------------------------------------------
    | Port A                                                              |
    |     aspect ratio   | 32-word x 32-bit                    |          |
    |     clkA           | connected to signal <CLK>           | rise     |
    |     weA            | connected to signal <WE>            | high     |
    |     addrA          | connected to signal <ADDR>          |          |
    |     diA            | connected to signal <DI>            |          |
    |     doA            | connected to internal node          |          |
    -----------------------------------------------------------------------
Unit <RAM32x32> synthesized (advanced).

Synthesizing (advanced) Unit <SdramCntl_U>.
The following registers are absorbed into counter <timer_r>: 1 register on signal <timer_r>.
The following registers are absorbed into counter <nopCntr_r>: 1 register on signal <nopCntr_r>.
Unit <SdramCntl_U> synthesized (advanced).

Synthesizing (advanced) Unit <multiplier>.
The following registers are absorbed into counter <cnt>: 1 register on signal <cnt>.
	Found pipelined multiplier on signal <A[31]_B[31]_MuLt_1_OUT>:
		- 1 pipeline level(s) found in a register connected to the multiplier macro output.
		Pushing register(s) into the multiplier macro.
INFO:Xst:2385 - HDL ADVISOR - You can improve the performance of the multiplier Mmult_A[31]_B[31]_MuLt_1_OUT by adding 6 register level(s).
Unit <multiplier> synthesized (advanced).

Synthesizing (advanced) Unit <sigmoid_subenv>.
	The following adders/subtractors are grouped into adder tree <Madd_x_gelu1> :
 	<Madd_n0042> in block <sigmoid_subenv>, 	<Madd_n0045> in block <sigmoid_subenv>, 	<Madd_n0048> in block <sigmoid_subenv>, 	<Madd_n0051> in block <sigmoid_subenv>, 	<Madd_x_gelu> in block <sigmoid_subenv>.
Unit <sigmoid_subenv> synthesized (advanced).
WARNING:Xst:2677 - Node <address_in_s_21> of sequential type is unconnected in block <Interface_Ctrl_U>.
WARNING:Xst:2677 - Node <address_in_s_22> of sequential type is unconnected in block <Interface_Ctrl_U>.
WARNING:Xst:2677 - Node <address_in_s_23> of sequential type is unconnected in block <Interface_Ctrl_U>.
WARNING:Xst:2677 - Node <address_in_s_25> of sequential type is unconnected in block <Interface_Ctrl_U>.
WARNING:Xst:2677 - Node <address_in_s_26> of sequential type is unconnected in block <Interface_Ctrl_U>.
WARNING:Xst:2677 - Node <address_in_s_27> of sequential type is unconnected in block <Interface_Ctrl_U>.
WARNING:Xst:2677 - Node <address_in_s_28> of sequential type is unconnected in block <Interface_Ctrl_U>.
WARNING:Xst:2677 - Node <address_in_s_29> of sequential type is unconnected in block <Interface_Ctrl_U>.
WARNING:Xst:2677 - Node <address_in_s_30> of sequential type is unconnected in block <Interface_Ctrl_U>.
WARNING:Xst:2677 - Node <address_in_s_31> of sequential type is unconnected in block <Interface_Ctrl_U>.

=========================================================================
Advanced HDL Synthesis Report

Macro Statistics
# RAMs                                                 : 4
 32x32-bit single-port distributed RAM                 : 4
# Multipliers                                          : 5
 32x18-bit multiplier                                  : 1
 32x32-bit multiplier                                  : 3
 32x32-bit registered multiplier                       : 1
# Adders/Subtractors                                   : 31
 11-bit adder                                          : 2
 11-bit subtractor                                     : 2
 14-bit adder                                          : 1
 14-bit subtractor                                     : 1
 16-bit adder                                          : 1
 17-bit addsub                                         : 6
 18-bit adder                                          : 1
 2-bit subtractor                                      : 2
 28-bit adder                                          : 1
 30-bit adder                                          : 2
 31-bit adder                                          : 1
 32-bit adder                                          : 6
 32-bit subtractor                                     : 3
 6-bit subtractor                                      : 1
 9-bit subtractor                                      : 1
# Adder Trees                                          : 1
 32-bit / 6-inputs adder tree                          : 1
# Counters                                             : 5
 14-bit down counter                                   : 1
 14-bit up counter                                     : 1
 2-bit up counter                                      : 1
 4-bit down counter                                    : 1
 5-bit up counter                                      : 1
# Registers                                            : 1242
 Flip-Flops                                            : 1242
# Comparators                                          : 11
 11-bit comparator equal                               : 2
 13-bit comparator not equal                           : 1
 16-bit comparator greater                             : 1
 2-bit comparator not equal                            : 1
 32-bit comparator greater                             : 1
 32-bit comparator lessequal                           : 5
# Multiplexers                                         : 348
 1-bit 2-to-1 multiplexer                              : 226
 11-bit 2-to-1 multiplexer                             : 5
 13-bit 2-to-1 multiplexer                             : 1
 13-bit 7-to-1 multiplexer                             : 1
 14-bit 2-to-1 multiplexer                             : 17
 16-bit 2-to-1 multiplexer                             : 3
 17-bit 2-to-1 multiplexer                             : 6
 2-bit 2-to-1 multiplexer                              : 11
 21-bit 2-to-1 multiplexer                             : 2
 3-bit 2-to-1 multiplexer                              : 2
 32-bit 2-to-1 multiplexer                             : 45
 32-bit 3-to-1 multiplexer                             : 1
 32-bit 4-to-1 multiplexer                             : 2
 4-bit 2-to-1 multiplexer                              : 4
 40-bit 2-to-1 multiplexer                             : 5
 5-bit 2-to-1 multiplexer                              : 6
 6-bit 2-to-1 multiplexer                              : 10
 9-bit 2-to-1 multiplexer                              : 1
# Logic shifters                                       : 2
 32-bit shifter logical left                           : 1
 32-bit shifter logical right                          : 1
# FSMs                                                 : 7
# Xors                                                 : 5
 1-bit xor2                                            : 2
 16-bit xor2                                           : 2
 32-bit xor2                                           : 1

=========================================================================

=========================================================================
*                         Low Level Synthesis                           *
=========================================================================
Analyzing FSM <MFsm> for best encoding.
Optimizing FSM <XLXI_23/u2/FSM_0> on signal <curr_state[1:3]> with user encoding.
-------------------
 State | Encoding
-------------------
 000   | 000
 001   | 001
 010   | 010
 100   | 100
 011   | 011
-------------------
Analyzing FSM <MFsm> for best encoding.
Optimizing FSM <XLXI_23/u3/FSM_1> on signal <curr_state[1:2]> with user encoding.
-------------------
 State | Encoding
-------------------
 00    | 00
 01    | 01
 11    | 11
 10    | 10
-------------------
Analyzing FSM <MFsm> for best encoding.
Optimizing FSM <XLXI_23/u5/FSM_2> on signal <state_r[1:3]> with user encoding.
-------------------------
 State       | Encoding
-------------------------
 initwait    | 000
 initpchg    | 001
 initsetmode | 010
 initrfsh    | 011
 rw          | 100
 activate    | 101
 refreshrow  | 110
 selfrefresh | 111
-------------------------
Analyzing FSM <MFsm> for best encoding.
Optimizing FSM <XLXI_50/u_data_path/activation_engine_inst/u_softmax/u_dma/FSM_4> on signal <state[1:3]> with user encoding.
-------------------
 State | Encoding
-------------------
 000   | 000
 001   | 001
 010   | 010
 011   | 011
 110   | 110
 100   | 100
 101   | 101
 111   | 111
-------------------
Analyzing FSM <MFsm> for best encoding.
Optimizing FSM <XLXI_50/u_data_path/activation_engine_inst/u_softmax/u_fsm/FSM_3> on signal <state[1:4]> with user encoding.
-------------------
 State | Encoding
-------------------
 0000  | 0000
 0001  | 0001
 0010  | 0010
 0011  | 0011
 1011  | 1011
 0101  | 0101
 0110  | 0110
 1010  | 1010
 1000  | 1000
 1001  | 1001
 0111  | 0111
 0100  | 0100
-------------------
Analyzing FSM <MFsm> for best encoding.
Optimizing FSM <XLXI_50/u_control/ctrl/FSM_5> on signal <current_state[1:26]> with one-hot encoding.
-------------------------------------
 State | Encoding
-------------------------------------
 00000 | 00000000000000000000000001
 00001 | 00000000000000000000000010
 00010 | 00000000000000000000000100
 00011 | 00000000000000000000001000
 10101 | 00000000000000000000010000
 00101 | 00000000000000000000100000
 00100 | 00000000000000000001000000
 00110 | 00000000000000000010000000
 00111 | 00000000000000000100000000
 10000 | 00000000000000001000000000
 10010 | 00000000000000010000000000
 10110 | 00000000000000100000000000
 10111 | 00000000000001000000000000
 01110 | 00000000000010000000000000
 11001 | 00000000000100000000000000
 10011 | 00000000001000000000000000
 01100 | 00000000010000000000000000
 01101 | 00000000100000000000000000
 01000 | 00000001000000000000000000
 01011 | 00000010000000000000000000
 01010 | 00000100000000000000000000
 10100 | 00001000000000000000000000
 01001 | 00010000000000000000000000
 01111 | 00100000000000000000000000
 10001 | 01000000000000000000000000
 11000 | 10000000000000000000000000
-------------------------------------
Analyzing FSM <MFsm> for best encoding.
Optimizing FSM <XLXI_50/u_control/mac/FSM_6> on signal <current_state[1:2]> with user encoding.
-------------------
 State | Encoding
-------------------
 00    | 00
 01    | 01
 10    | 10
-------------------
WARNING:Xst:1293 - FF/Latch <cmd_r_0> has a constant value of 0 in block <SdramCntl_U>. This FF/Latch will be trimmed during the optimization process.
WARNING:Xst:1896 - Due to other FF/Latch trimming, FF/Latch <cmd_r_1> has a constant value of 0 in block <SdramCntl_U>. This FF/Latch will be trimmed during the optimization process.
WARNING:Xst:1896 - Due to other FF/Latch trimming, FF/Latch <cmd_r_5> has a constant value of 0 in block <SdramCntl_U>. This FF/Latch will be trimmed during the optimization process.
WARNING:Xst:2677 - Node <Mmult_A[31]_B[31]_MuLt_1_OUT4_16> of sequential type is unconnected in block <multiplier>.
WARNING:Xst:2677 - Node <Mmult_A[31]_B[31]_MuLt_1_OUT4_15> of sequential type is unconnected in block <multiplier>.
WARNING:Xst:2677 - Node <Mmult_A[31]_B[31]_MuLt_1_OUT4_14> of sequential type is unconnected in block <multiplier>.
WARNING:Xst:2677 - Node <Mmult_A[31]_B[31]_MuLt_1_OUT4_13> of sequential type is unconnected in block <multiplier>.
WARNING:Xst:2677 - Node <Mmult_A[31]_B[31]_MuLt_1_OUT4_12> of sequential type is unconnected in block <multiplier>.
WARNING:Xst:2677 - Node <Mmult_A[31]_B[31]_MuLt_1_OUT4_11> of sequential type is unconnected in block <multiplier>.
WARNING:Xst:2677 - Node <Mmult_A[31]_B[31]_MuLt_1_OUT4_10> of sequential type is unconnected in block <multiplier>.
WARNING:Xst:2677 - Node <Mmult_A[31]_B[31]_MuLt_1_OUT4_9> of sequential type is unconnected in block <multiplier>.
WARNING:Xst:2677 - Node <Mmult_A[31]_B[31]_MuLt_1_OUT4_8> of sequential type is unconnected in block <multiplier>.
WARNING:Xst:2677 - Node <Mmult_A[31]_B[31]_MuLt_1_OUT4_7> of sequential type is unconnected in block <multiplier>.
WARNING:Xst:2677 - Node <Mmult_A[31]_B[31]_MuLt_1_OUT4_6> of sequential type is unconnected in block <multiplier>.
WARNING:Xst:2677 - Node <Mmult_A[31]_B[31]_MuLt_1_OUT4_5> of sequential type is unconnected in block <multiplier>.
WARNING:Xst:2677 - Node <Mmult_A[31]_B[31]_MuLt_1_OUT4_4> of sequential type is unconnected in block <multiplier>.
WARNING:Xst:2677 - Node <Mmult_A[31]_B[31]_MuLt_1_OUT4_3> of sequential type is unconnected in block <multiplier>.
WARNING:Xst:2677 - Node <Mmult_A[31]_B[31]_MuLt_1_OUT4_2> of sequential type is unconnected in block <multiplier>.
WARNING:Xst:2677 - Node <Mmult_A[31]_B[31]_MuLt_1_OUT4_1> of sequential type is unconnected in block <multiplier>.

Optimizing unit <REG32CE> ...

Optimizing unit <REG32RST> ...

Optimizing unit <Top_Level> ...

Optimizing unit <Interface_Ctrl_U> ...
WARNING:Xst:1294 - Latch <DO_s_31> is equivalent to a wire in block <Interface_Ctrl_U>.
WARNING:Xst:1294 - Latch <DO_s_30> is equivalent to a wire in block <Interface_Ctrl_U>.
WARNING:Xst:1294 - Latch <DO_s_27> is equivalent to a wire in block <Interface_Ctrl_U>.
WARNING:Xst:1294 - Latch <DO_s_29> is equivalent to a wire in block <Interface_Ctrl_U>.
WARNING:Xst:1294 - Latch <DO_s_28> is equivalent to a wire in block <Interface_Ctrl_U>.
WARNING:Xst:1294 - Latch <DO_s_26> is equivalent to a wire in block <Interface_Ctrl_U>.
WARNING:Xst:1294 - Latch <DO_s_25> is equivalent to a wire in block <Interface_Ctrl_U>.
WARNING:Xst:1294 - Latch <DO_s_24> is equivalent to a wire in block <Interface_Ctrl_U>.
WARNING:Xst:1294 - Latch <DO_s_23> is equivalent to a wire in block <Interface_Ctrl_U>.
WARNING:Xst:1294 - Latch <DO_s_20> is equivalent to a wire in block <Interface_Ctrl_U>.
WARNING:Xst:1294 - Latch <DO_s_22> is equivalent to a wire in block <Interface_Ctrl_U>.
WARNING:Xst:1294 - Latch <DO_s_21> is equivalent to a wire in block <Interface_Ctrl_U>.
WARNING:Xst:1294 - Latch <DO_s_19> is equivalent to a wire in block <Interface_Ctrl_U>.
WARNING:Xst:1294 - Latch <DO_s_18> is equivalent to a wire in block <Interface_Ctrl_U>.
WARNING:Xst:1294 - Latch <DO_s_17> is equivalent to a wire in block <Interface_Ctrl_U>.
WARNING:Xst:1294 - Latch <DO_s_16> is equivalent to a wire in block <Interface_Ctrl_U>.
WARNING:Xst:1294 - Latch <DO_s_13> is equivalent to a wire in block <Interface_Ctrl_U>.
WARNING:Xst:1294 - Latch <DO_s_15> is equivalent to a wire in block <Interface_Ctrl_U>.
WARNING:Xst:1294 - Latch <DO_s_14> is equivalent to a wire in block <Interface_Ctrl_U>.
WARNING:Xst:1294 - Latch <DO_s_12> is equivalent to a wire in block <Interface_Ctrl_U>.
WARNING:Xst:1294 - Latch <DO_s_11> is equivalent to a wire in block <Interface_Ctrl_U>.
WARNING:Xst:1294 - Latch <DO_s_10> is equivalent to a wire in block <Interface_Ctrl_U>.
WARNING:Xst:1294 - Latch <DO_s_9> is equivalent to a wire in block <Interface_Ctrl_U>.
WARNING:Xst:1294 - Latch <DO_s_6> is equivalent to a wire in block <Interface_Ctrl_U>.
WARNING:Xst:1294 - Latch <DO_s_8> is equivalent to a wire in block <Interface_Ctrl_U>.
WARNING:Xst:1294 - Latch <DO_s_7> is equivalent to a wire in block <Interface_Ctrl_U>.
WARNING:Xst:1294 - Latch <DO_s_5> is equivalent to a wire in block <Interface_Ctrl_U>.
WARNING:Xst:1294 - Latch <DO_s_4> is equivalent to a wire in block <Interface_Ctrl_U>.
WARNING:Xst:1294 - Latch <DO_s_3> is equivalent to a wire in block <Interface_Ctrl_U>.
WARNING:Xst:1294 - Latch <DO_s_2> is equivalent to a wire in block <Interface_Ctrl_U>.
WARNING:Xst:1294 - Latch <DO_s_1> is equivalent to a wire in block <Interface_Ctrl_U>.
WARNING:Xst:1294 - Latch <DO_s_0> is equivalent to a wire in block <Interface_Ctrl_U>.

Optimizing unit <sdram_adapter_U> ...

Optimizing unit <HostIoToDut_U> ...

Optimizing unit <HostIoHdrScanner> ...

Optimizing unit <salve_top> ...

Optimizing unit <logic_analyzer> ...

Optimizing unit <data_path> ...

Optimizing unit <GPR> ...

Optimizing unit <sigmoid_subenv> ...

Optimizing unit <sigmoid> ...

Optimizing unit <softmax_dma> ...

Optimizing unit <softmax_ctrl_fsm> ...

Optimizing unit <pwl_reciprocal> ...

Optimizing unit <multiplier> ...

Optimizing unit <ALU> ...

Optimizing unit <ADD_SUB> ...

Optimizing unit <ADSU16_HXILINX_ADD16> ...

Optimizing unit <dlx_control> ...

Optimizing unit <mac_fsm> ...
WARNING:Xst:1710 - FF/Latch <XLXI_23/u5/activeBank_r_1> (without init value) has a constant value of 0 in block <Top_Level>. This FF/Latch will be trimmed during the optimization process.
WARNING:Xst:1895 - Due to other FF/Latch trimming, FF/Latch <XLXI_23/u5/activeBank_r_0> (without init value) has a constant value of 0 in block <Top_Level>. This FF/Latch will be trimmed during the optimization process.
WARNING:Xst:1896 - Due to other FF/Latch trimming, FF/Latch <XLXI_23/u5/ba_r_1> has a constant value of 0 in block <Top_Level>. This FF/Latch will be trimmed during the optimization process.
WARNING:Xst:1896 - Due to other FF/Latch trimming, FF/Latch <XLXI_23/u5/ba_r_0> has a constant value of 0 in block <Top_Level>. This FF/Latch will be trimmed during the optimization process.
WARNING:Xst:2677 - Node <XLXI_23/u5/opBegun_r> of sequential type is unconnected in block <Top_Level>.
WARNING:Xst:2677 - Node <XLXI_23/u1/vectorToDut_o_39> of sequential type is unconnected in block <Top_Level>.
WARNING:Xst:2677 - Node <XLXI_23/u1/vectorToDut_o_38> of sequential type is unconnected in block <Top_Level>.
WARNING:Xst:2677 - Node <XLXI_50/u_data_path/MAR/REG_31> of sequential type is unconnected in block <Top_Level>.
WARNING:Xst:2677 - Node <XLXI_50/u_data_path/MAR/REG_30> of sequential type is unconnected in block <Top_Level>.
WARNING:Xst:2677 - Node <XLXI_50/u_data_path/MAR/REG_29> of sequential type is unconnected in block <Top_Level>.
WARNING:Xst:2677 - Node <XLXI_50/u_data_path/MAR/REG_28> of sequential type is unconnected in block <Top_Level>.
WARNING:Xst:2677 - Node <XLXI_50/u_data_path/MAR/REG_27> of sequential type is unconnected in block <Top_Level>.
WARNING:Xst:2677 - Node <XLXI_50/u_data_path/MAR/REG_26> of sequential type is unconnected in block <Top_Level>.
WARNING:Xst:2677 - Node <XLXI_50/u_data_path/MAR/REG_25> of sequential type is unconnected in block <Top_Level>.
WARNING:Xst:2677 - Node <XLXI_50/u_data_path/MAR/REG_24> of sequential type is unconnected in block <Top_Level>.
WARNING:Xst:2677 - Node <XLXI_50/u_data_path/activation_engine_inst/u_softmax/u_fsm/done> of sequential type is unconnected in block <Top_Level>.
INFO:Xst:2399 - RAMs <XLXI_30/LA/ram/Mram_memory_array8>, <XLXI_30/LA/ram/Mram_memory_array7> are equivalent, second RAM is removed
WARNING:Xst:1293 - FF/Latch <XLXI_23/u2/Rst_proc.resetCnt_v_3> has a constant value of 0 in block <Top_Level>. This FF/Latch will be trimmed during the optimization process.
INFO:Xst:2261 - The FF/Latch <XLXI_23/u5/sDataDir_r> in Unit <Top_Level> is equivalent to the following FF/Latch, which will be removed : <XLXI_23/u5/wrTimer_r_1> 

Mapping all equations...
Building and optimizing final netlist ...
Found area constraint ratio of 100 (+ 5) on block Top_Level, actual ratio is 21.
FlipFlop XLXI_50/u_control/ctrl/current_state_FSM_FFd12 has been replicated 1 time(s)
FlipFlop XLXI_50/u_control/ctrl/current_state_FSM_FFd18 has been replicated 2 time(s)
FlipFlop XLXI_50/u_control/ctrl/current_state_FSM_FFd19 has been replicated 2 time(s)
FlipFlop XLXI_50/u_control/ctrl/current_state_FSM_FFd2 has been replicated 2 time(s)
FlipFlop XLXI_50/u_control/ctrl/current_state_FSM_FFd21 has been replicated 1 time(s)
FlipFlop XLXI_50/u_control/ctrl/current_state_FSM_FFd24 has been replicated 1 time(s)
FlipFlop XLXI_50/u_control/ctrl/current_state_FSM_FFd6 has been replicated 4 time(s)
FlipFlop XLXI_50/u_control/ctrl/current_state_FSM_FFd7 has been replicated 3 time(s)

Final Macro Processing ...

Processing Unit <Top_Level> :
	Found 2-bit shift register for signal <XLXI_30/slave/x2>.
	Found 2-bit shift register for signal <XLXI_50/u_data_path/mult/prod_r_33>.
	Found 2-bit shift register for signal <XLXI_50/u_data_path/mult/prod_r_32>.
	Found 2-bit shift register for signal <XLXI_50/u_data_path/mult/prod_r_31>.
	Found 2-bit shift register for signal <XLXI_50/u_data_path/mult/prod_r_30>.
	Found 2-bit shift register for signal <XLXI_50/u_data_path/mult/prod_r_29>.
	Found 2-bit shift register for signal <XLXI_50/u_data_path/mult/prod_r_28>.
	Found 2-bit shift register for signal <XLXI_50/u_data_path/mult/prod_r_27>.
	Found 2-bit shift register for signal <XLXI_50/u_data_path/mult/prod_r_26>.
	Found 2-bit shift register for signal <XLXI_50/u_data_path/mult/prod_r_25>.
	Found 2-bit shift register for signal <XLXI_50/u_data_path/mult/prod_r_24>.
	Found 2-bit shift register for signal <XLXI_50/u_data_path/mult/prod_r_23>.
	Found 2-bit shift register for signal <XLXI_50/u_data_path/mult/prod_r_22>.
	Found 2-bit shift register for signal <XLXI_50/u_data_path/mult/prod_r_21>.
	Found 2-bit shift register for signal <XLXI_50/u_data_path/mult/prod_r_20>.
	Found 2-bit shift register for signal <XLXI_50/u_data_path/mult/prod_r_19>.
	Found 2-bit shift register for signal <XLXI_50/u_data_path/mult/prod_r_18>.
	Found 2-bit shift register for signal <XLXI_50/u_data_path/mult/prod_r_17>.
	Found 2-bit shift register for signal <XLXI_50/u_data_path/mult/prod_r_16>.
Unit <Top_Level> processed.

=========================================================================
Final Register Report

Macro Statistics
# Registers                                            : 1109
 Flip-Flops                                            : 1109
# Shift Registers                                      : 19
 2-bit shift register                                  : 19

=========================================================================

=========================================================================
*                           Partition Report                            *
=========================================================================

Partition Implementation Status
-------------------------------

  No Partitions were found in this design.

-------------------------------

=========================================================================
*                            Design Summary                             *
=========================================================================

Top Level Output File Name         : Top_Level.ngc

Primitive and Black Box Usage:
------------------------------
# BELS                             : 3678
#      BUF                         : 3
#      GND                         : 4
#      INV                         : 87
#      LUT1                        : 75
#      LUT2                        : 212
#      LUT3                        : 449
#      LUT4                        : 297
#      LUT5                        : 312
#      LUT6                        : 990
#      MUXCY                       : 609
#      MUXF7                       : 27
#      OR2                         : 2
#      OR2B1                       : 1
#      VCC                         : 1
#      XORCY                       : 609
# FlipFlops/Latches                : 1129
#      FD                          : 67
#      FDC                         : 63
#      FDCE                        : 64
#      FDE                         : 352
#      FDP                         : 9
#      FDPE                        : 16
#      FDR                         : 63
#      FDRE                        : 490
#      FDS                         : 2
#      FDSE                        : 2
#      ODDR2                       : 1
# RAMS                             : 127
#      RAM32X1S                    : 127
# Shift Registers                  : 19
#      SRLC16E                     : 19
# Clock Buffers                    : 3
#      BUFG                        : 2
#      BUFGP                       : 1
# IO Buffers                       : 40
#      IBUFG                       : 1
#      IOBUF                       : 16
#      OBUF                        : 23
# DCMs                             : 1
#      DCM_SP                      : 1
# DSPs                             : 16
#      DSP48A1                     : 16
# Others                           : 1
#      BSCAN_SPARTAN6              : 1

Device utilization summary:
---------------------------

Selected Device : 6slx25ftg256-2 


Slice Logic Utilization: 
 Number of Slice Registers:            1129  out of  30064     3%  
 Number of Slice LUTs:                 2568  out of  15032    17%  
    Number used as Logic:              2422  out of  15032    16%  
    Number used as Memory:              146  out of   3664     3%  
       Number used as RAM:              127
       Number used as SRL:               19

Slice Logic Distribution: 
 Number of LUT Flip Flop pairs used:   3068
   Number with an unused Flip Flop:    1939  out of   3068    63%  
   Number with an unused LUT:           500  out of   3068    16%  
   Number of fully used LUT-FF pairs:   629  out of   3068    20%  
   Number of unique control sets:        63

IO Utilization: 
 Number of IOs:                          41
 Number of bonded IOBs:                  41  out of    186    22%  

Specific Feature Utilization:
 Number of BUFG/BUFGCTRLs:                3  out of     16    18%  
 Number of DSP48A1s:                     16  out of     38    42%  

---------------------------
Partition Resource Summary:
---------------------------

  No Partitions were found in this design.

---------------------------


=========================================================================
Timing Report

NOTE: THESE TIMING NUMBERS ARE ONLY A SYNTHESIS ESTIMATE.
      FOR ACCURATE TIMING INFORMATION PLEASE REFER TO THE TRACE REPORT
      GENERATED AFTER PLACE-and-ROUTE.

Clock Information:
------------------
-----------------------------------+-------------------------------+-------+
Clock Signal                       | Clock buffer(FF name)         | Load  |
-----------------------------------+-------------------------------+-------+
sdClkFb_i                          | BUFGP                         | 1158  |
fpgaClk_i                          | DCM_SP:CLKFX                  | 1     |
fpgaClk_i                          | DCM_SP:CLKFX180               | 1     |
XLXI_23/u1/drck_s                  | NONE(XLXI_23/u1/activateClk_r)| 129   |
-----------------------------------+-------------------------------+-------+
INFO:Xst:2169 - HDL ADVISOR - Some clock signals were not automatically buffered by XST with BUFG/BUFR resources. Please use the buffer_type constraint in order to insert these buffers to the clock signals to help prevent skew problems.

Asynchronous Control Signals Information:
----------------------------------------
No asynchronous control signals found in this design

Timing Summary:
---------------
Speed Grade: -2

   Minimum period: 20.961ns (Maximum Frequency: 47.708MHz)
   Minimum input arrival time before clock: 4.412ns
   Maximum output required time after clock: 5.748ns
   Maximum combinational path delay: No path found

Timing Details:
---------------
All values displayed in nanoseconds (ns)

=========================================================================
Timing constraint: Default period analysis for Clock 'sdClkFb_i'
  Clock period: 20.961ns (frequency: 47.708MHz)
  Total number of paths / destination ports: 1411622642923 / 3185
-------------------------------------------------------------------------
Delay:               20.961ns (Levels of Logic = 21)
  Source:            XLXI_50/u_control/ctrl/current_state_FSM_FFd19_1 (FF)
  Destination:       XLXI_50/u_data_path/MDR/REG_17 (FF)
  Source Clock:      sdClkFb_i rising
  Destination Clock: sdClkFb_i rising

  Data Path: XLXI_50/u_control/ctrl/current_state_FSM_FFd19_1 to XLXI_50/u_data_path/MDR/REG_17
                                Gate     Net
    Cell:in->out      fanout   Delay   Delay  Logical Name (Net Name)
    ----------------------------------------  ------------
     FDR:C->Q              2   0.525   1.181  XLXI_50/u_control/ctrl/current_state_FSM_FFd19_1 (XLXI_50/u_control/ctrl/current_state_FSM_FFd19_1)
     LUT6:I0->O           17   0.254   1.317  XLXI_50/u_control/ctrl/current_state_S1sel<0>1_1 (XLXI_50/u_control/ctrl/current_state_S1sel<0>11)
     LUT2:I0->O            3   0.250   0.766  XLXI_50/u_control/ctrl/current_state_S1sel<0>3 (D_IN<30>)
     LUT6:I5->O           17   0.254   1.437  XLXI_50/u_data_path/S1MUX/Mmux_O221 (XLXI_50/u_data_path/S1<29>)
     LUT3:I0->O            1   0.235   0.682  XLXI_50/u_data_path/activation_engine_inst/u_sigmoid/ADDERTREE_INTERNAL_Madd129 (XLXI_50/u_data_path/activation_engine_inst/u_sigmoid/ADDERTREE_INTERNAL_Madd129)
     LUT2:I1->O            1   0.254   0.000  XLXI_50/u_data_path/activation_engine_inst/u_sigmoid/ADDERTREE_INTERNAL_Madd1_lut<0>30 (XLXI_50/u_data_path/activation_engine_inst/u_sigmoid/ADDERTREE_INTERNAL_Madd1_lut<0>30)
     XORCY:LI->O           1   0.149   0.790  XLXI_50/u_data_path/activation_engine_inst/u_sigmoid/ADDERTREE_INTERNAL_Madd1_xor<0>_29 (XLXI_50/u_data_path/activation_engine_inst/u_sigmoid/ADDERTREE_INTERNAL_Madd_301)
     LUT2:I0->O            1   0.250   0.000  XLXI_50/u_data_path/activation_engine_inst/u_sigmoid/ADDERTREE_INTERNAL_Madd4_lut<30> (XLXI_50/u_data_path/activation_engine_inst/u_sigmoid/ADDERTREE_INTERNAL_Madd4_lut<30>)
     MUXCY:S->O            0   0.215   0.000  XLXI_50/u_data_path/activation_engine_inst/u_sigmoid/ADDERTREE_INTERNAL_Madd4_cy<30> (XLXI_50/u_data_path/activation_engine_inst/u_sigmoid/ADDERTREE_INTERNAL_Madd4_cy<30>)
     XORCY:CI->O          10   0.206   1.008  XLXI_50/u_data_path/activation_engine_inst/u_sigmoid/ADDERTREE_INTERNAL_Madd4_xor<31> (XLXI_50/u_data_path/activation_engine_inst/u_sigmoid/ADDERTREE_INTERNAL_Madd_314)
     LUT5:I4->O           16   0.254   1.182  XLXI_50/u_data_path/activation_engine_inst/u_sigmoid/sigmoid_input_mux/Mmux_O251_1 (XLXI_50/u_data_path/activation_engine_inst/u_sigmoid/sigmoid_input_mux/Mmux_O251)
     LUT3:I2->O            6   0.254   1.306  XLXI_50/u_data_path/activation_engine_inst/u_sigmoid/sigmoid_core/Mmux_ax211 (XLXI_50/u_data_path/activation_engine_inst/u_sigmoid/sigmoid_core/ax<28>)
     LUT6:I1->O           11   0.254   1.039  XLXI_50/u_data_path/activation_engine_inst/u_sigmoid/sigmoid_core/GND_139_o_x[31]_LessThan_9_o32_2 (XLXI_50/u_data_path/activation_engine_inst/u_sigmoid/sigmoid_core/GND_139_o_x[31]_LessThan_9_o322)
     LUT6:I5->O            6   0.254   0.984  XLXI_50/u_data_path/activation_engine_inst/u_sigmoid/sigmoid_core/GND_139_o_x[31]_LessThan_7_o31 (XLXI_50/u_data_path/activation_engine_inst/u_sigmoid/sigmoid_core/GND_139_o_x[31]_LessThan_7_o)
     LUT4:I2->O            2   0.250   0.726  XLXI_50/u_data_path/activation_engine_inst/u_sigmoid/sigmoid_core/Mmux_y_pos16_SW0 (N136)
     LUT6:I5->O            1   0.254   0.000  XLXI_50/u_data_path/activation_engine_inst/u_sigmoid/sigmoid_core/Mmux_y_pos161 (XLXI_50/u_data_path/activation_engine_inst/u_sigmoid/sigmoid_core/Mmux_y_pos16)
     MUXCY:S->O            1   0.215   0.000  XLXI_50/u_data_path/activation_engine_inst/u_sigmoid/sigmoid_core/Msub_GND_139_o_GND_139_o_sub_16_OUT_cy<16> (XLXI_50/u_data_path/activation_engine_inst/u_sigmoid/sigmoid_core/Msub_GND_139_o_GND_139_o_sub_16_OUT_cy<16>)
     XORCY:CI->O           2   0.206   0.726  XLXI_50/u_data_path/activation_engine_inst/u_sigmoid/sigmoid_core/Msub_GND_139_o_GND_139_o_sub_16_OUT_xor<17> (XLXI_50/u_data_path/activation_engine_inst/u_sigmoid/sigmoid_core/GND_139_o_GND_139_o_sub_16_OUT<17>)
     LUT6:I5->O            1   0.254   0.790  XLXI_50/u_data_path/activation_engine_inst/u_sigmoid/sigmoid_core/Mmux_y91 (XLXI_50/u_data_path/activation_engine_inst/u_sigmoid/sigmoid_output<17>)
     LUT6:I4->O            2   0.250   0.726  XLXI_50/u_data_path/DINTMUX/Mmux_O186 (XLXI_50/u_data_path/DINTMUX/Mmux_O185)
     LUT4:I3->O            1   0.254   0.682  XLXI_50/u_data_path/MDRMUX/Mmux_O91_SW0 (N508)
     LUT5:I4->O            1   0.254   0.000  XLXI_50/u_data_path/MDRMUX/Mmux_O91 (XLXI_50/u_data_path/MDRMUX_OUT<17>)
     FDE:D                     0.074          XLXI_50/u_data_path/MDR/REG_17
    ----------------------------------------
    Total                     20.961ns (5.619ns logic, 15.342ns route)
                                       (26.8% logic, 73.2% route)

=========================================================================
Timing constraint: Default period analysis for Clock 'XLXI_23/u1/drck_s'
  Clock period: 7.071ns (frequency: 141.414MHz)
  Total number of paths / destination ports: 3726 / 283
-------------------------------------------------------------------------
Delay:               7.071ns (Levels of Logic = 4)
  Source:            XLXI_23/u1/UHdrScanner/hdrRcvd_r (FF)
  Destination:       XLXI_23/u1/UHdrScanner/pyldCntr_r_30 (FF)
  Source Clock:      XLXI_23/u1/drck_s rising
  Destination Clock: XLXI_23/u1/drck_s rising

  Data Path: XLXI_23/u1/UHdrScanner/hdrRcvd_r to XLXI_23/u1/UHdrScanner/pyldCntr_r_30
                                Gate     Net
    Cell:in->out      fanout   Delay   Delay  Logical Name (Net Name)
    ----------------------------------------  ------------
     FDRE:C->Q            36   0.525   1.695  XLXI_23/u1/UHdrScanner/hdrRcvd_r (XLXI_23/u1/UHdrScanner/hdrRcvd_r)
     LUT6:I4->O            1   0.250   1.137  XLXI_23/u1/UHdrScanner/inShiftDr_i_hdrRcvd_r_OR_59_o1 (XLXI_23/u1/UHdrScanner/inShiftDr_i_hdrRcvd_r_OR_59_o1)
     LUT6:I0->O            1   0.254   0.682  XLXI_23/u1/UHdrScanner/inShiftDr_i_hdrRcvd_r_OR_59_o7 (XLXI_23/u1/UHdrScanner/inShiftDr_i_hdrRcvd_r_OR_59_o7)
     LUT4:I3->O           41   0.254   1.947  XLXI_23/u1/UHdrScanner/inShiftDr_i_hdrRcvd_r_OR_59_o8 (XLXI_23/u1/UHdrScanner/inShiftDr_i_hdrRcvd_r_OR_59_o)
     LUT4:I0->O            1   0.254   0.000  XLXI_23/u1/UHdrScanner/Mmux_GND_51_o_PWR_18_o_mux_5_OUT110 (XLXI_23/u1/UHdrScanner/GND_51_o_PWR_18_o_mux_5_OUT<0>)
     FD:D                      0.074          XLXI_23/u1/UHdrScanner/pyldCntr_r_0
    ----------------------------------------
    Total                      7.071ns (1.611ns logic, 5.460ns route)
                                       (22.8% logic, 77.2% route)

=========================================================================
Timing constraint: Default OFFSET IN BEFORE for Clock 'sdClkFb_i'
  Total number of paths / destination ports: 74 / 74
-------------------------------------------------------------------------
Offset:              4.412ns (Levels of Logic = 1)
  Source:            XLXI_23/u1/USimple.UBscanHostIo/spartan6_bscan.UBscanUser:DRCK (PAD)
  Destination:       XLXI_23/u2/address_in_s_24 (FF)
  Destination Clock: sdClkFb_i rising

  Data Path: XLXI_23/u1/USimple.UBscanHostIo/spartan6_bscan.UBscanUser:DRCK to XLXI_23/u2/address_in_s_24
                                Gate     Net
    Cell:in->out      fanout   Delay   Delay  Logical Name (Net Name)
    ----------------------------------------  ------------
    BSCAN_SPARTAN6:DRCK  134   0.000   2.542  XLXI_23/u1/USimple.UBscanHostIo/spartan6_bscan.UBscanUser (XLXI_23/u1/drck_s)
     LUT5:I2->O           22   0.235   1.333  XLXI_23/u2/_n0392_inv1 (XLXI_23/u2/_n0392_inv)
     FDE:CE                    0.302          XLXI_23/u2/address_in_s_0
    ----------------------------------------
    Total                      4.412ns (0.537ns logic, 3.875ns route)
                                       (12.2% logic, 87.8% route)

=========================================================================
Timing constraint: Default OFFSET IN BEFORE for Clock 'XLXI_23/u1/drck_s'
  Total number of paths / destination ports: 126 / 43
-------------------------------------------------------------------------
Offset:              3.487ns (Levels of Logic = 2)
  Source:            XLXI_23/u1/USimple.UBscanHostIo/spartan6_bscan.UBscanUser:RESET (PAD)
  Destination:       XLXI_23/u1/UHdrScanner/pyldCntr_r_30 (FF)
  Destination Clock: XLXI_23/u1/drck_s rising

  Data Path: XLXI_23/u1/USimple.UBscanHostIo/spartan6_bscan.UBscanUser:RESET to XLXI_23/u1/UHdrScanner/pyldCntr_r_30
                                Gate     Net
    Cell:in->out      fanout   Delay   Delay  Logical Name (Net Name)
    ----------------------------------------  ------------
    BSCAN_SPARTAN6:RESET    1   0.000   0.958  XLXI_23/u1/USimple.UBscanHostIo/spartan6_bscan.UBscanUser (XLXI_23/u1/USimple.UBscanHostIo/bscanReset_s)
     LUT4:I0->O           41   0.254   1.947  XLXI_23/u1/UHdrScanner/inShiftDr_i_hdrRcvd_r_OR_59_o8 (XLXI_23/u1/UHdrScanner/inShiftDr_i_hdrRcvd_r_OR_59_o)
     LUT4:I0->O            1   0.254   0.000  XLXI_23/u1/UHdrScanner/Mmux_GND_51_o_PWR_18_o_mux_5_OUT110 (XLXI_23/u1/UHdrScanner/GND_51_o_PWR_18_o_mux_5_OUT<0>)
     FD:D                      0.074          XLXI_23/u1/UHdrScanner/pyldCntr_r_0
    ----------------------------------------
    Total                      3.487ns (0.582ns logic, 2.905ns route)
                                       (16.7% logic, 83.3% route)

=========================================================================
Timing constraint: Default OFFSET OUT AFTER for Clock 'sdClkFb_i'
  Total number of paths / destination ports: 49 / 33
-------------------------------------------------------------------------
Offset:              5.748ns (Levels of Logic = 2)
  Source:            XLXI_23/u5/sDataDir_r (FF)
  Destination:       sdData_io<15> (PAD)
  Source Clock:      sdClkFb_i rising

  Data Path: XLXI_23/u5/sDataDir_r to sdData_io<15>
                                Gate     Net
    Cell:in->out      fanout   Delay   Delay  Logical Name (Net Name)
    ----------------------------------------  ------------
     FDC:C->Q              6   0.525   0.875  XLXI_23/u5/sDataDir_r (XLXI_23/u5/sDataDir_r)
     INV:I->O             16   0.255   1.181  XLXI_23/u5/sDataDir_r_inv1_INV_0 (XLXI_23/u5/sDataDir_r_inv)
     IOBUF:T->IO               2.912          sdData_io_15_IOBUF (sdData_io<15>)
    ----------------------------------------
    Total                      5.748ns (3.692ns logic, 2.056ns route)
                                       (64.2% logic, 35.8% route)

=========================================================================
Timing constraint: Default OFFSET OUT AFTER for Clock 'XLXI_23/u1/drck_s'
  Total number of paths / destination ports: 10 / 1
-------------------------------------------------------------------------
Offset:              3.905ns (Levels of Logic = 2)
  Source:            XLXI_23/u1/UHdrScanner/hdrRcvd_r (FF)
  Destination:       XLXI_23/u1/USimple.UBscanHostIo/spartan6_bscan.UBscanUser:TDO (PAD)
  Source Clock:      XLXI_23/u1/drck_s rising

  Data Path: XLXI_23/u1/UHdrScanner/hdrRcvd_r to XLXI_23/u1/USimple.UBscanHostIo/spartan6_bscan.UBscanUser:TDO
                                Gate     Net
    Cell:in->out      fanout   Delay   Delay  Logical Name (Net Name)
    ----------------------------------------  ------------
     FDRE:C->Q            36   0.525   2.042  XLXI_23/u1/UHdrScanner/hdrRcvd_r (XLXI_23/u1/UHdrScanner/hdrRcvd_r)
     LUT6:I0->O            2   0.254   0.834  XLXI_23/u1/UHdrScanner/active_o (XLXI_23/u1/active_s)
     LUT2:I0->O            0   0.250   0.000  XLXI_23/u1/Mmux_tdo_s11 (XLXI_23/u1/tdo_s)
    BSCAN_SPARTAN6:TDO         0.000          XLXI_23/u1/USimple.UBscanHostIo/spartan6_bscan.UBscanUser
    ----------------------------------------
    Total                      3.905ns (1.029ns logic, 2.876ns route)
                                       (26.4% logic, 73.6% route)

=========================================================================

Cross Clock Domains Report:
--------------------------

Clock to Setup on destination clock XLXI_23/u1/drck_s
-----------------+---------+---------+---------+---------+
                 | Src:Rise| Src:Fall| Src:Rise| Src:Fall|
Source Clock     |Dest:Rise|Dest:Rise|Dest:Fall|Dest:Fall|
-----------------+---------+---------+---------+---------+
XLXI_23/u1/drck_s|    7.071|         |         |         |
sdClkFb_i        |    2.945|         |         |         |
-----------------+---------+---------+---------+---------+

Clock to Setup on destination clock sdClkFb_i
-----------------+---------+---------+---------+---------+
                 | Src:Rise| Src:Fall| Src:Rise| Src:Fall|
Source Clock     |Dest:Rise|Dest:Rise|Dest:Fall|Dest:Fall|
-----------------+---------+---------+---------+---------+
XLXI_23/u1/drck_s|    9.453|         |         |         |
sdClkFb_i        |   20.961|         |         |         |
-----------------+---------+---------+---------+---------+

=========================================================================


Total REAL time to Xst completion: 28.00 secs
Total CPU time to Xst completion: 28.01 secs
 
--> 

Total memory usage is 4612416 kilobytes

Number of errors   :    0 (   0 filtered)
Number of warnings :  205 (   0 filtered)
Number of infos    :   24 (   0 filtered)

