--------------------------------------------------------------------------------
Release 14.7 Trace  (nt64)
Copyright (c) 1995-2013 Xilinx, Inc.  All rights reserved.

C:\Xilinx\14.7\ISE_DS\ISE\bin\nt64\unwrapped\trce.exe -intstyle ise -v 3 -s 2
-n 3 -fastpaths -xml Top_Level.twx Top_Level.ncd -o Top_Level.twr Top_Level.pcf
-ucf SOURCE.ucf

Design file:              Top_Level.ncd
Physical constraint file: Top_Level.pcf
Device,package,speed:     xc6slx25,ftg256,C,-2 (PRODUCTION 1.23 2013-10-13)
Report level:             verbose report

Environment Variable      Effect 
--------------------      ------ 
NONE                      No environment variables were set
--------------------------------------------------------------------------------

INFO:Timing:3412 - To improve timing, see the Timing Closure User Guide (UG612).
INFO:Timing:2752 - To get complete path coverage, use the unconstrained paths 
   option. All paths that are not constrained will be reported in the 
   unconstrained paths section(s) of the report.
INFO:Timing:3339 - The clock-to-out numbers in this timing report are based on 
   a 50 Ohm transmission line loading model.  For the details of this model, 
   and for more information on accounting for different loading conditions, 
   please see the device datasheet.

================================================================================
Timing constraint: TS_fpgaClk_i = PERIOD TIMEGRP "fpgaClk_i" 12 MHz HIGH 50%;
For more information, see Period Analysis in the Timing Closure User Guide (UG612).

 0 paths analyzed, 0 endpoints analyzed, 0 failing endpoints
 0 timing errors detected. (0 component switching limit errors)
 Minimum period is  32.000ns.
--------------------------------------------------------------------------------

Component Switching Limit Checks: TS_fpgaClk_i = PERIOD TIMEGRP "fpgaClk_i" 12 MHz HIGH 50%;
--------------------------------------------------------------------------------
Slack: 13.667ns (period - min period limit)
  Period: 16.667ns
  Min period limit: 3.000ns (333.333MHz) (Tdcmper_CLKFX)
  Physical resource: XLXI_23/u0/u0/CLKFX
  Logical resource: XLXI_23/u0/u0/CLKFX
  Location pin: DCM_X0Y2.CLKFX
  Clock network: XLXI_23/u0/genClkP_s
--------------------------------------------------------------------------------
Slack: 13.667ns (period - min period limit)
  Period: 16.667ns
  Min period limit: 3.000ns (333.333MHz) (Tdcmper_CLKFX)
  Physical resource: XLXI_23/u0/u0/CLKFX180
  Logical resource: XLXI_23/u0/u0/CLKFX180
  Location pin: DCM_X0Y2.CLKFX180
  Clock network: XLXI_23/u0/genClkN_s
--------------------------------------------------------------------------------
Slack: 51.333ns (period - (min low pulse limit / (low pulse / period)))
  Period: 83.333ns
  Low pulse: 41.666ns
  Low pulse limit: 16.000ns (Tdcmpw_CLKIN_10_25)
  Physical resource: XLXI_23/u0/u0/CLKIN
  Logical resource: XLXI_23/u0/u0/CLKIN
  Location pin: DCM_X0Y2.CLKIN
  Clock network: XLXI_23/u0/u0_ML_NEW_DIVCLK
--------------------------------------------------------------------------------

================================================================================
Timing constraint: TS_sdClkFb_i = PERIOD TIMEGRP "sdClkFb_i" 40 MHz HIGH 50%;
For more information, see Period Analysis in the Timing Closure User Guide (UG612).

 1411643032838 paths analyzed, 5418 endpoints analyzed, 0 failing endpoints
 0 timing errors detected. (0 setup errors, 0 hold errors, 0 component switching limit errors)
 Minimum period is  24.206ns.
--------------------------------------------------------------------------------

Paths for end point XLXI_50/u_data_path/C_REG/REG_27 (SLICE_X33Y61.DX), 35230610587 paths
--------------------------------------------------------------------------------
Slack (setup path):     0.794ns (requirement - (data path - clock path skew + uncertainty))
  Source:               XLXI_50/u_data_path/B_REG/REG_8 (FF)
  Destination:          XLXI_50/u_data_path/C_REG/REG_27 (FF)
  Requirement:          25.000ns
  Data Path Delay:      24.030ns (Levels of Logic = 17)
  Clock Path Skew:      -0.141ns (0.424 - 0.565)
  Source Clock:         sdClkFb_i_BUFGP rising at 0.000ns
  Destination Clock:    sdClkFb_i_BUFGP rising at 25.000ns
  Clock Uncertainty:    0.035ns

  Clock Uncertainty:          0.035ns  ((TSJ^2 + TIJ^2)^1/2 + DJ) / 2 + PE
    Total System Jitter (TSJ):  0.070ns
    Total Input Jitter (TIJ):   0.000ns
    Discrete Jitter (DJ):       0.000ns
    Phase Error (PE):           0.000ns

  Maximum Data Path at Slow Process Corner: XLXI_50/u_data_path/B_REG/REG_8 to XLXI_50/u_data_path/C_REG/REG_27
    Location             Delay type         Delay(ns)  Physical Resource
                                                       Logical Resource(s)
    -------------------------------------------------  -------------------
    SLICE_X13Y53.AQ      Tcko                  0.430   XLXI_50/u_data_path/B_REG/REG<15>
                                                       XLXI_50/u_data_path/B_REG/REG_8
    SLICE_X27Y53.A3      net (fanout=4)        3.313   XLXI_50/u_data_path/B_REG/REG<8>
    SLICE_X27Y53.A       Tilo                  0.259   XLXI_50/u_data_path/activation_engine_inst/u_sigmoid/ADDERTREE_INTERNAL_Madd3
                                                       XLXI_50/u_data_path/S1MUX/Mmux_O311_1
    SLICE_X26Y53.D5      net (fanout=5)        1.882   XLXI_50/u_data_path/S1MUX/Mmux_O311
    SLICE_X26Y53.DMUX    Tilo                  0.326   XLXI_50/u_data_path/activation_engine_inst/u_sigmoid/ADDERTREE_INTERNAL_Madd_71
                                                       XLXI_50/u_data_path/activation_engine_inst/u_sigmoid/ADDERTREE_INTERNAL_Madd17
    SLICE_X26Y54.A3      net (fanout=2)        1.012   XLXI_50/u_data_path/activation_engine_inst/u_sigmoid/ADDERTREE_INTERNAL_Madd17
    SLICE_X26Y54.COUT    Topcya                0.474   XLXI_50/u_data_path/activation_engine_inst/u_sigmoid/ADDERTREE_INTERNAL_Madd_111
                                                       XLXI_50/u_data_path/activation_engine_inst/u_sigmoid/ADDERTREE_INTERNAL_Madd1_lut<0>8
                                                       XLXI_50/u_data_path/activation_engine_inst/u_sigmoid/ADDERTREE_INTERNAL_Madd1_cy<0>_10
    SLICE_X26Y55.CIN     net (fanout=1)        0.003   XLXI_50/u_data_path/activation_engine_inst/u_sigmoid/ADDERTREE_INTERNAL_Madd1_cy<0>11
    SLICE_X26Y55.BQ      Tito_logic            0.788   XLXI_50/u_data_path/activation_engine_inst/u_sigmoid/ADDERTREE_INTERNAL_Madd_151
                                                       XLXI_50/u_data_path/activation_engine_inst/u_sigmoid/ADDERTREE_INTERNAL_Madd1_cy<0>_14
                                                       XLXI_50/u_data_path/activation_engine_inst/u_sigmoid/ADDERTREE_INTERNAL_Madd_131_rt
    SLICE_X32Y56.B5      net (fanout=2)        1.027   XLXI_50/u_data_path/activation_engine_inst/u_sigmoid/ADDERTREE_INTERNAL_Madd_131
    SLICE_X32Y56.COUT    Topcyb                0.448   XLXI_50/u_data_path/activation_engine_inst/u_sigmoid/ADDERTREE_INTERNAL_Madd4_cy<15>
                                                       XLXI_50/u_data_path/activation_engine_inst/u_sigmoid/ADDERTREE_INTERNAL_Madd4_lut<13>
                                                       XLXI_50/u_data_path/activation_engine_inst/u_sigmoid/ADDERTREE_INTERNAL_Madd4_cy<15>
    SLICE_X32Y57.CIN     net (fanout=1)        0.003   XLXI_50/u_data_path/activation_engine_inst/u_sigmoid/ADDERTREE_INTERNAL_Madd4_cy<15>
    SLICE_X32Y57.AMUX    Tcina                 0.210   XLXI_50/u_data_path/activation_engine_inst/u_sigmoid/ADDERTREE_INTERNAL_Madd4_cy<19>
                                                       XLXI_50/u_data_path/activation_engine_inst/u_sigmoid/ADDERTREE_INTERNAL_Madd4_cy<19>
    SLICE_X28Y53.B4      net (fanout=2)        0.944   XLXI_50/u_data_path/activation_engine_inst/u_sigmoid/ADDERTREE_INTERNAL_Madd_164
    SLICE_X28Y53.B       Tilo                  0.235   XLXI_50/u_data_path/activation_engine_inst/u_softmax/u_dma/base_reg<17>
                                                       XLXI_50/u_data_path/activation_engine_inst/u_sigmoid/sigmoid_input_mux/Mmux_O81
    SLICE_X50Y59.A1      net (fanout=5)        3.064   XLXI_50/u_data_path/activation_engine_inst/u_sigmoid/sigmoid_input<16>
    SLICE_X50Y59.COUT    Topcya                0.474   XLXI_50/u_data_path/activation_engine_inst/u_sigmoid/sigmoid_core/Madd_n0044[29:0]_cy<16>
                                                       XLXI_50/u_data_path/activation_engine_inst/u_sigmoid/sigmoid_core/Madd_n0044[29:0]_lut<13>
                                                       XLXI_50/u_data_path/activation_engine_inst/u_sigmoid/sigmoid_core/Madd_n0044[29:0]_cy<16>
    SLICE_X50Y60.CIN     net (fanout=1)        0.003   XLXI_50/u_data_path/activation_engine_inst/u_sigmoid/sigmoid_core/Madd_n0044[29:0]_cy<16>
    SLICE_X50Y60.COUT    Tbyp                  0.093   XLXI_50/u_data_path/activation_engine_inst/u_sigmoid/sigmoid_core/Madd_n0044[29:0]_cy<20>
                                                       XLXI_50/u_data_path/activation_engine_inst/u_sigmoid/sigmoid_core/Madd_n0044[29:0]_cy<20>
    SLICE_X50Y61.CIN     net (fanout=1)        0.003   XLXI_50/u_data_path/activation_engine_inst/u_sigmoid/sigmoid_core/Madd_n0044[29:0]_cy<20>
    SLICE_X50Y61.AMUX    Tcina                 0.220   XLXI_50/u_data_path/activation_engine_inst/u_sigmoid/sigmoid_core/Madd_n0044[29:0]_cy<24>
                                                       XLXI_50/u_data_path/activation_engine_inst/u_sigmoid/sigmoid_core/Madd_n0044[29:0]_cy<24>
    SLICE_X47Y61.A6      net (fanout=3)        0.829   XLXI_50/u_data_path/activation_engine_inst/u_sigmoid/sigmoid_core/n0044[29:0]<21>
    SLICE_X47Y61.A       Tilo                  0.259   XLXI_23/u1/UHdrScanner/hdrRcvd_r_inv
                                                       XLXI_50/u_data_path/activation_engine_inst/u_sigmoid/sigmoid_core/Mmux_y_pos281_SW0
    SLICE_X47Y61.B2      net (fanout=1)        1.390   N460
    SLICE_X47Y61.B       Tilo                  0.259   XLXI_23/u1/UHdrScanner/hdrRcvd_r_inv
                                                       XLXI_50/u_data_path/activation_engine_inst/u_sigmoid/sigmoid_core/Mmux_y_pos281
    SLICE_X42Y60.B4      net (fanout=3)        0.841   XLXI_50/u_data_path/activation_engine_inst/u_sigmoid/sigmoid_core/Mmux_y_pos28
    SLICE_X42Y60.COUT    Topcyb                0.483   XLXI_50/u_data_path/activation_engine_inst/u_sigmoid/sigmoid_core/Msub_GND_139_o_GND_139_o_sub_16_OUT_cy<23>
                                                       XLXI_50/u_data_path/activation_engine_inst/u_sigmoid/sigmoid_core/Msub_GND_139_o_GND_139_o_sub_16_OUT_lut<21>
                                                       XLXI_50/u_data_path/activation_engine_inst/u_sigmoid/sigmoid_core/Msub_GND_139_o_GND_139_o_sub_16_OUT_cy<23>
    SLICE_X42Y61.CIN     net (fanout=1)        0.003   XLXI_50/u_data_path/activation_engine_inst/u_sigmoid/sigmoid_core/Msub_GND_139_o_GND_139_o_sub_16_OUT_cy<23>
    SLICE_X42Y61.AMUX    Tcina                 0.220   XLXI_50/u_data_path/activation_engine_inst/u_sigmoid/sigmoid_core/Msub_GND_139_o_GND_139_o_sub_16_OUT_cy<27>
                                                       XLXI_50/u_data_path/activation_engine_inst/u_sigmoid/sigmoid_core/Msub_GND_139_o_GND_139_o_sub_16_OUT_cy<27>
    SLICE_X38Y61.B3      net (fanout=2)        0.717   XLXI_50/u_data_path/activation_engine_inst/u_sigmoid/sigmoid_core/GND_139_o_GND_139_o_sub_16_OUT<24>
    SLICE_X38Y61.DMUX    Topbd                 0.695   XLXI_50/u_data_path/activation_engine_inst/u_sigmoid/Madd_y_tanh_cy<27>
                                                       XLXI_50/u_data_path/activation_engine_inst/u_sigmoid/Madd_y_tanh_lut<25>
                                                       XLXI_50/u_data_path/activation_engine_inst/u_sigmoid/Madd_y_tanh_cy<27>
    SLICE_X29Y61.D3      net (fanout=1)        1.273   XLXI_50/u_data_path/activation_engine_inst/u_sigmoid/y_tanh<27>
    SLICE_X29Y61.D       Tilo                  0.259   XLXI_50/u_data_path/PC_env/REG<27>
                                                       XLXI_50/u_data_path/DINTMUX/Mmux_O406
    SLICE_X29Y61.C6      net (fanout=2)        0.149   XLXI_50/u_data_path/DINTMUX/Mmux_O405
    SLICE_X29Y61.C       Tilo                  0.259   XLXI_50/u_data_path/PC_env/REG<27>
                                                       XLXI_50/u_data_path/DINTMUX/Mmux_O407
    SLICE_X33Y61.DX      net (fanout=1)        1.069   XLXI_50/u_data_path/DINT<27>
    SLICE_X33Y61.CLK     Tdick                 0.114   XLXI_50/u_data_path/C_REG/REG<27>
                                                       XLXI_50/u_data_path/C_REG/REG_27
    -------------------------------------------------  ---------------------------
    Total                                     24.030ns (6.505ns logic, 17.525ns route)
                                                       (27.1% logic, 72.9% route)

--------------------------------------------------------------------------------
Slack (setup path):     0.873ns (requirement - (data path - clock path skew + uncertainty))
  Source:               XLXI_50/u_data_path/B_REG/REG_8 (FF)
  Destination:          XLXI_50/u_data_path/C_REG/REG_27 (FF)
  Requirement:          25.000ns
  Data Path Delay:      23.951ns (Levels of Logic = 19)
  Clock Path Skew:      -0.141ns (0.424 - 0.565)
  Source Clock:         sdClkFb_i_BUFGP rising at 0.000ns
  Destination Clock:    sdClkFb_i_BUFGP rising at 25.000ns
  Clock Uncertainty:    0.035ns

  Clock Uncertainty:          0.035ns  ((TSJ^2 + TIJ^2)^1/2 + DJ) / 2 + PE
    Total System Jitter (TSJ):  0.070ns
    Total Input Jitter (TIJ):   0.000ns
    Discrete Jitter (DJ):       0.000ns
    Phase Error (PE):           0.000ns

  Maximum Data Path at Slow Process Corner: XLXI_50/u_data_path/B_REG/REG_8 to XLXI_50/u_data_path/C_REG/REG_27
    Location             Delay type         Delay(ns)  Physical Resource
                                                       Logical Resource(s)
    -------------------------------------------------  -------------------
    SLICE_X13Y53.AQ      Tcko                  0.430   XLXI_50/u_data_path/B_REG/REG<15>
                                                       XLXI_50/u_data_path/B_REG/REG_8
    SLICE_X27Y53.A3      net (fanout=4)        3.313   XLXI_50/u_data_path/B_REG/REG<8>
    SLICE_X27Y53.A       Tilo                  0.259   XLXI_50/u_data_path/activation_engine_inst/u_sigmoid/ADDERTREE_INTERNAL_Madd3
                                                       XLXI_50/u_data_path/S1MUX/Mmux_O311_1
    SLICE_X26Y53.D5      net (fanout=5)        1.882   XLXI_50/u_data_path/S1MUX/Mmux_O311
    SLICE_X26Y53.DMUX    Tilo                  0.326   XLXI_50/u_data_path/activation_engine_inst/u_sigmoid/ADDERTREE_INTERNAL_Madd_71
                                                       XLXI_50/u_data_path/activation_engine_inst/u_sigmoid/ADDERTREE_INTERNAL_Madd17
    SLICE_X26Y54.A3      net (fanout=2)        1.012   XLXI_50/u_data_path/activation_engine_inst/u_sigmoid/ADDERTREE_INTERNAL_Madd17
    SLICE_X26Y54.COUT    Topcya                0.474   XLXI_50/u_data_path/activation_engine_inst/u_sigmoid/ADDERTREE_INTERNAL_Madd_111
                                                       XLXI_50/u_data_path/activation_engine_inst/u_sigmoid/ADDERTREE_INTERNAL_Madd1_lut<0>8
                                                       XLXI_50/u_data_path/activation_engine_inst/u_sigmoid/ADDERTREE_INTERNAL_Madd1_cy<0>_10
    SLICE_X26Y55.CIN     net (fanout=1)        0.003   XLXI_50/u_data_path/activation_engine_inst/u_sigmoid/ADDERTREE_INTERNAL_Madd1_cy<0>11
    SLICE_X26Y55.COUT    Tbyp                  0.093   XLXI_50/u_data_path/activation_engine_inst/u_sigmoid/ADDERTREE_INTERNAL_Madd_151
                                                       XLXI_50/u_data_path/activation_engine_inst/u_sigmoid/ADDERTREE_INTERNAL_Madd1_cy<0>_14
    SLICE_X26Y56.CIN     net (fanout=1)        0.082   XLXI_50/u_data_path/activation_engine_inst/u_sigmoid/ADDERTREE_INTERNAL_Madd1_cy<0>15
    SLICE_X26Y56.COUT    Tbyp                  0.093   XLXI_50/u_data_path/activation_engine_inst/u_sigmoid/ADDERTREE_INTERNAL_Madd_191
                                                       XLXI_50/u_data_path/activation_engine_inst/u_sigmoid/ADDERTREE_INTERNAL_Madd1_cy<0>_18
    SLICE_X26Y57.CIN     net (fanout=1)        0.003   XLXI_50/u_data_path/activation_engine_inst/u_sigmoid/ADDERTREE_INTERNAL_Madd1_cy<0>19
    SLICE_X26Y57.BQ      Tito_logic            0.788   XLXI_50/u_data_path/activation_engine_inst/u_sigmoid/ADDERTREE_INTERNAL_Madd_231
                                                       XLXI_50/u_data_path/activation_engine_inst/u_sigmoid/ADDERTREE_INTERNAL_Madd1_cy<0>_22
                                                       XLXI_50/u_data_path/activation_engine_inst/u_sigmoid/ADDERTREE_INTERNAL_Madd_211_rt
    SLICE_X32Y58.B5      net (fanout=2)        1.001   XLXI_50/u_data_path/activation_engine_inst/u_sigmoid/ADDERTREE_INTERNAL_Madd_211
    SLICE_X32Y58.COUT    Topcyb                0.448   XLXI_50/u_data_path/activation_engine_inst/u_sigmoid/ADDERTREE_INTERNAL_Madd4_cy<23>
                                                       XLXI_50/u_data_path/activation_engine_inst/u_sigmoid/ADDERTREE_INTERNAL_Madd4_lut<21>
                                                       XLXI_50/u_data_path/activation_engine_inst/u_sigmoid/ADDERTREE_INTERNAL_Madd4_cy<23>
    SLICE_X32Y59.CIN     net (fanout=1)        0.003   XLXI_50/u_data_path/activation_engine_inst/u_sigmoid/ADDERTREE_INTERNAL_Madd4_cy<23>
    SLICE_X32Y59.AMUX    Tcina                 0.210   XLXI_50/u_data_path/activation_engine_inst/u_sigmoid/ADDERTREE_INTERNAL_Madd4_cy<27>
                                                       XLXI_50/u_data_path/activation_engine_inst/u_sigmoid/ADDERTREE_INTERNAL_Madd4_cy<27>
    SLICE_X34Y60.A3      net (fanout=2)        1.042   XLXI_50/u_data_path/activation_engine_inst/u_sigmoid/ADDERTREE_INTERNAL_Madd_244
    SLICE_X34Y60.AMUX    Topaa                 0.456   XLXI_50/u_data_path/activation_engine_inst/u_sigmoid/sigmoid_core/Madd_x[31]_GND_139_o_add_1_OUT_cy<27>
                                                       XLXI_50/u_data_path/activation_engine_inst/u_sigmoid/sigmoid_core/n0039<24>1
                                                       XLXI_50/u_data_path/activation_engine_inst/u_sigmoid/sigmoid_core/Madd_x[31]_GND_139_o_add_1_OUT_cy<27>
    SLICE_X36Y59.C1      net (fanout=5)        1.543   XLXI_50/u_data_path/activation_engine_inst/u_sigmoid/sigmoid_core/x[31]_GND_139_o_add_1_OUT<24>
    SLICE_X36Y59.CMUX    Tilo                  0.403   XLXI_50/u_data_path/PC_env/REG<20>
                                                       XLXI_50/u_data_path/activation_engine_inst/u_sigmoid/sigmoid_core/GND_139_o_x[31]_LessThan_5_o121_G
                                                       XLXI_50/u_data_path/activation_engine_inst/u_sigmoid/sigmoid_core/GND_139_o_x[31]_LessThan_5_o121
    SLICE_X45Y58.A2      net (fanout=6)        1.669   XLXI_50/u_data_path/activation_engine_inst/u_sigmoid/sigmoid_core/GND_139_o_x[31]_LessThan_5_o12
    SLICE_X45Y58.A       Tilo                  0.259   XLXI_50/u_data_path/activation_engine_inst/u_sigmoid/sigmoid_core/Mmux_y_pos10
                                                       XLXI_50/u_data_path/activation_engine_inst/u_sigmoid/sigmoid_core/GND_139_o_x[31]_LessThan_9_o32_2
    SLICE_X50Y58.A5      net (fanout=11)       0.968   XLXI_50/u_data_path/activation_engine_inst/u_sigmoid/sigmoid_core/GND_139_o_x[31]_LessThan_9_o322
    SLICE_X50Y58.A       Tilo                  0.254   XLXI_50/u_data_path/activation_engine_inst/u_sigmoid/sigmoid_core/Mmux_ax71
                                                       XLXI_50/u_data_path/activation_engine_inst/u_sigmoid/sigmoid_core/Mmux_y_pos571
    SLICE_X42Y57.A2      net (fanout=2)        1.378   XLXI_50/u_data_path/activation_engine_inst/u_sigmoid/sigmoid_core/Mmux_y_pos57
    SLICE_X42Y57.COUT    Topcya                0.474   XLXI_50/u_data_path/activation_engine_inst/u_sigmoid/sigmoid_core/Msub_GND_139_o_GND_139_o_sub_16_OUT_cy<11>
                                                       XLXI_50/u_data_path/activation_engine_inst/u_sigmoid/sigmoid_core/Msub_GND_139_o_GND_139_o_sub_16_OUT_lut<8>
                                                       XLXI_50/u_data_path/activation_engine_inst/u_sigmoid/sigmoid_core/Msub_GND_139_o_GND_139_o_sub_16_OUT_cy<11>
    SLICE_X42Y58.CIN     net (fanout=1)        0.003   XLXI_50/u_data_path/activation_engine_inst/u_sigmoid/sigmoid_core/Msub_GND_139_o_GND_139_o_sub_16_OUT_cy<11>
    SLICE_X42Y58.COUT    Tbyp                  0.093   XLXI_50/u_data_path/activation_engine_inst/u_sigmoid/sigmoid_core/Msub_GND_139_o_GND_139_o_sub_16_OUT_cy<15>
                                                       XLXI_50/u_data_path/activation_engine_inst/u_sigmoid/sigmoid_core/Msub_GND_139_o_GND_139_o_sub_16_OUT_cy<15>
    SLICE_X42Y59.CIN     net (fanout=1)        0.003   XLXI_50/u_data_path/activation_engine_inst/u_sigmoid/sigmoid_core/Msub_GND_139_o_GND_139_o_sub_16_OUT_cy<15>
    SLICE_X42Y59.DMUX    Tcind                 0.320   XLXI_50/u_data_path/activation_engine_inst/u_sigmoid/sigmoid_core/Msub_GND_139_o_GND_139_o_sub_16_OUT_cy<19>
                                                       XLXI_50/u_data_path/activation_engine_inst/u_sigmoid/sigmoid_core/Msub_GND_139_o_GND_139_o_sub_16_OUT_cy<19>
    SLICE_X38Y60.A5      net (fanout=2)        0.746   XLXI_50/u_data_path/activation_engine_inst/u_sigmoid/sigmoid_core/GND_139_o_GND_139_o_sub_16_OUT<19>
    SLICE_X38Y60.COUT    Topcya                0.474   XLXI_50/u_data_path/activation_engine_inst/u_sigmoid/Madd_y_tanh_cy<23>
                                                       XLXI_50/u_data_path/activation_engine_inst/u_sigmoid/Madd_y_tanh_lut<20>
                                                       XLXI_50/u_data_path/activation_engine_inst/u_sigmoid/Madd_y_tanh_cy<23>
    SLICE_X38Y61.CIN     net (fanout=1)        0.003   XLXI_50/u_data_path/activation_engine_inst/u_sigmoid/Madd_y_tanh_cy<23>
    SLICE_X38Y61.DMUX    Tcind                 0.320   XLXI_50/u_data_path/activation_engine_inst/u_sigmoid/Madd_y_tanh_cy<27>
                                                       XLXI_50/u_data_path/activation_engine_inst/u_sigmoid/Madd_y_tanh_cy<27>
    SLICE_X29Y61.D3      net (fanout=1)        1.273   XLXI_50/u_data_path/activation_engine_inst/u_sigmoid/y_tanh<27>
    SLICE_X29Y61.D       Tilo                  0.259   XLXI_50/u_data_path/PC_env/REG<27>
                                                       XLXI_50/u_data_path/DINTMUX/Mmux_O406
    SLICE_X29Y61.C6      net (fanout=2)        0.149   XLXI_50/u_data_path/DINTMUX/Mmux_O405
    SLICE_X29Y61.C       Tilo                  0.259   XLXI_50/u_data_path/PC_env/REG<27>
                                                       XLXI_50/u_data_path/DINTMUX/Mmux_O407
    SLICE_X33Y61.DX      net (fanout=1)        1.069   XLXI_50/u_data_path/DINT<27>
    SLICE_X33Y61.CLK     Tdick                 0.114   XLXI_50/u_data_path/C_REG/REG<27>
                                                       XLXI_50/u_data_path/C_REG/REG_27
    -------------------------------------------------  ---------------------------
    Total                                     23.951ns (6.806ns logic, 17.145ns route)
                                                       (28.4% logic, 71.6% route)

--------------------------------------------------------------------------------
Slack (setup path):     0.875ns (requirement - (data path - clock path skew + uncertainty))
  Source:               XLXI_50/u_data_path/B_REG/REG_8 (FF)
  Destination:          XLXI_50/u_data_path/C_REG/REG_27 (FF)
  Requirement:          25.000ns
  Data Path Delay:      23.949ns (Levels of Logic = 19)
  Clock Path Skew:      -0.141ns (0.424 - 0.565)
  Source Clock:         sdClkFb_i_BUFGP rising at 0.000ns
  Destination Clock:    sdClkFb_i_BUFGP rising at 25.000ns
  Clock Uncertainty:    0.035ns

  Clock Uncertainty:          0.035ns  ((TSJ^2 + TIJ^2)^1/2 + DJ) / 2 + PE
    Total System Jitter (TSJ):  0.070ns
    Total Input Jitter (TIJ):   0.000ns
    Discrete Jitter (DJ):       0.000ns
    Phase Error (PE):           0.000ns

  Maximum Data Path at Slow Process Corner: XLXI_50/u_data_path/B_REG/REG_8 to XLXI_50/u_data_path/C_REG/REG_27
    Location             Delay type         Delay(ns)  Physical Resource
                                                       Logical Resource(s)
    -------------------------------------------------  -------------------
    SLICE_X13Y53.AQ      Tcko                  0.430   XLXI_50/u_data_path/B_REG/REG<15>
                                                       XLXI_50/u_data_path/B_REG/REG_8
    SLICE_X27Y53.A3      net (fanout=4)        3.313   XLXI_50/u_data_path/B_REG/REG<8>
    SLICE_X27Y53.A       Tilo                  0.259   XLXI_50/u_data_path/activation_engine_inst/u_sigmoid/ADDERTREE_INTERNAL_Madd3
                                                       XLXI_50/u_data_path/S1MUX/Mmux_O311_1
    SLICE_X26Y53.D5      net (fanout=5)        1.882   XLXI_50/u_data_path/S1MUX/Mmux_O311
    SLICE_X26Y53.DMUX    Tilo                  0.326   XLXI_50/u_data_path/activation_engine_inst/u_sigmoid/ADDERTREE_INTERNAL_Madd_71
                                                       XLXI_50/u_data_path/activation_engine_inst/u_sigmoid/ADDERTREE_INTERNAL_Madd17
    SLICE_X26Y54.A3      net (fanout=2)        1.012   XLXI_50/u_data_path/activation_engine_inst/u_sigmoid/ADDERTREE_INTERNAL_Madd17
    SLICE_X26Y54.COUT    Topcya                0.474   XLXI_50/u_data_path/activation_engine_inst/u_sigmoid/ADDERTREE_INTERNAL_Madd_111
                                                       XLXI_50/u_data_path/activation_engine_inst/u_sigmoid/ADDERTREE_INTERNAL_Madd1_lut<0>8
                                                       XLXI_50/u_data_path/activation_engine_inst/u_sigmoid/ADDERTREE_INTERNAL_Madd1_cy<0>_10
    SLICE_X26Y55.CIN     net (fanout=1)        0.003   XLXI_50/u_data_path/activation_engine_inst/u_sigmoid/ADDERTREE_INTERNAL_Madd1_cy<0>11
    SLICE_X26Y55.COUT    Tbyp                  0.093   XLXI_50/u_data_path/activation_engine_inst/u_sigmoid/ADDERTREE_INTERNAL_Madd_151
                                                       XLXI_50/u_data_path/activation_engine_inst/u_sigmoid/ADDERTREE_INTERNAL_Madd1_cy<0>_14
    SLICE_X26Y56.CIN     net (fanout=1)        0.082   XLXI_50/u_data_path/activation_engine_inst/u_sigmoid/ADDERTREE_INTERNAL_Madd1_cy<0>15
    SLICE_X26Y56.BQ      Tito_logic            0.788   XLXI_50/u_data_path/activation_engine_inst/u_sigmoid/ADDERTREE_INTERNAL_Madd_191
                                                       XLXI_50/u_data_path/activation_engine_inst/u_sigmoid/ADDERTREE_INTERNAL_Madd1_cy<0>_18
                                                       XLXI_50/u_data_path/activation_engine_inst/u_sigmoid/ADDERTREE_INTERNAL_Madd_171_rt
    SLICE_X32Y57.B5      net (fanout=2)        1.001   XLXI_50/u_data_path/activation_engine_inst/u_sigmoid/ADDERTREE_INTERNAL_Madd_171
    SLICE_X32Y57.COUT    Topcyb                0.448   XLXI_50/u_data_path/activation_engine_inst/u_sigmoid/ADDERTREE_INTERNAL_Madd4_cy<19>
                                                       XLXI_50/u_data_path/activation_engine_inst/u_sigmoid/ADDERTREE_INTERNAL_Madd4_lut<17>
                                                       XLXI_50/u_data_path/activation_engine_inst/u_sigmoid/ADDERTREE_INTERNAL_Madd4_cy<19>
    SLICE_X32Y58.CIN     net (fanout=1)        0.003   XLXI_50/u_data_path/activation_engine_inst/u_sigmoid/ADDERTREE_INTERNAL_Madd4_cy<19>
    SLICE_X32Y58.COUT    Tbyp                  0.091   XLXI_50/u_data_path/activation_engine_inst/u_sigmoid/ADDERTREE_INTERNAL_Madd4_cy<23>
                                                       XLXI_50/u_data_path/activation_engine_inst/u_sigmoid/ADDERTREE_INTERNAL_Madd4_cy<23>
    SLICE_X32Y59.CIN     net (fanout=1)        0.003   XLXI_50/u_data_path/activation_engine_inst/u_sigmoid/ADDERTREE_INTERNAL_Madd4_cy<23>
    SLICE_X32Y59.AMUX    Tcina                 0.210   XLXI_50/u_data_path/activation_engine_inst/u_sigmoid/ADDERTREE_INTERNAL_Madd4_cy<27>
                                                       XLXI_50/u_data_path/activation_engine_inst/u_sigmoid/ADDERTREE_INTERNAL_Madd4_cy<27>
    SLICE_X34Y60.A3      net (fanout=2)        1.042   XLXI_50/u_data_path/activation_engine_inst/u_sigmoid/ADDERTREE_INTERNAL_Madd_244
    SLICE_X34Y60.AMUX    Topaa                 0.456   XLXI_50/u_data_path/activation_engine_inst/u_sigmoid/sigmoid_core/Madd_x[31]_GND_139_o_add_1_OUT_cy<27>
                                                       XLXI_50/u_data_path/activation_engine_inst/u_sigmoid/sigmoid_core/n0039<24>1
                                                       XLXI_50/u_data_path/activation_engine_inst/u_sigmoid/sigmoid_core/Madd_x[31]_GND_139_o_add_1_OUT_cy<27>
    SLICE_X36Y59.C1      net (fanout=5)        1.543   XLXI_50/u_data_path/activation_engine_inst/u_sigmoid/sigmoid_core/x[31]_GND_139_o_add_1_OUT<24>
    SLICE_X36Y59.CMUX    Tilo                  0.403   XLXI_50/u_data_path/PC_env/REG<20>
                                                       XLXI_50/u_data_path/activation_engine_inst/u_sigmoid/sigmoid_core/GND_139_o_x[31]_LessThan_5_o121_G
                                                       XLXI_50/u_data_path/activation_engine_inst/u_sigmoid/sigmoid_core/GND_139_o_x[31]_LessThan_5_o121
    SLICE_X45Y58.A2      net (fanout=6)        1.669   XLXI_50/u_data_path/activation_engine_inst/u_sigmoid/sigmoid_core/GND_139_o_x[31]_LessThan_5_o12
    SLICE_X45Y58.A       Tilo                  0.259   XLXI_50/u_data_path/activation_engine_inst/u_sigmoid/sigmoid_core/Mmux_y_pos10
                                                       XLXI_50/u_data_path/activation_engine_inst/u_sigmoid/sigmoid_core/GND_139_o_x[31]_LessThan_9_o32_2
    SLICE_X50Y58.A5      net (fanout=11)       0.968   XLXI_50/u_data_path/activation_engine_inst/u_sigmoid/sigmoid_core/GND_139_o_x[31]_LessThan_9_o322
    SLICE_X50Y58.A       Tilo                  0.254   XLXI_50/u_data_path/activation_engine_inst/u_sigmoid/sigmoid_core/Mmux_ax71
                                                       XLXI_50/u_data_path/activation_engine_inst/u_sigmoid/sigmoid_core/Mmux_y_pos571
    SLICE_X42Y57.A2      net (fanout=2)        1.378   XLXI_50/u_data_path/activation_engine_inst/u_sigmoid/sigmoid_core/Mmux_y_pos57
    SLICE_X42Y57.COUT    Topcya                0.474   XLXI_50/u_data_path/activation_engine_inst/u_sigmoid/sigmoid_core/Msub_GND_139_o_GND_139_o_sub_16_OUT_cy<11>
                                                       XLXI_50/u_data_path/activation_engine_inst/u_sigmoid/sigmoid_core/Msub_GND_139_o_GND_139_o_sub_16_OUT_lut<8>
                                                       XLXI_50/u_data_path/activation_engine_inst/u_sigmoid/sigmoid_core/Msub_GND_139_o_GND_139_o_sub_16_OUT_cy<11>
    SLICE_X42Y58.CIN     net (fanout=1)        0.003   XLXI_50/u_data_path/activation_engine_inst/u_sigmoid/sigmoid_core/Msub_GND_139_o_GND_139_o_sub_16_OUT_cy<11>
    SLICE_X42Y58.COUT    Tbyp                  0.093   XLXI_50/u_data_path/activation_engine_inst/u_sigmoid/sigmoid_core/Msub_GND_139_o_GND_139_o_sub_16_OUT_cy<15>
                                                       XLXI_50/u_data_path/activation_engine_inst/u_sigmoid/sigmoid_core/Msub_GND_139_o_GND_139_o_sub_16_OUT_cy<15>
    SLICE_X42Y59.CIN     net (fanout=1)        0.003   XLXI_50/u_data_path/activation_engine_inst/u_sigmoid/sigmoid_core/Msub_GND_139_o_GND_139_o_sub_16_OUT_cy<15>
    SLICE_X42Y59.DMUX    Tcind                 0.320   XLXI_50/u_data_path/activation_engine_inst/u_sigmoid/sigmoid_core/Msub_GND_139_o_GND_139_o_sub_16_OUT_cy<19>
                                                       XLXI_50/u_data_path/activation_engine_inst/u_sigmoid/sigmoid_core/Msub_GND_139_o_GND_139_o_sub_16_OUT_cy<19>
    SLICE_X38Y60.A5      net (fanout=2)        0.746   XLXI_50/u_data_path/activation_engine_inst/u_sigmoid/sigmoid_core/GND_139_o_GND_139_o_sub_16_OUT<19>
    SLICE_X38Y60.COUT    Topcya                0.474   XLXI_50/u_data_path/activation_engine_inst/u_sigmoid/Madd_y_tanh_cy<23>
                                                       XLXI_50/u_data_path/activation_engine_inst/u_sigmoid/Madd_y_tanh_lut<20>
                                                       XLXI_50/u_data_path/activation_engine_inst/u_sigmoid/Madd_y_tanh_cy<23>
    SLICE_X38Y61.CIN     net (fanout=1)        0.003   XLXI_50/u_data_path/activation_engine_inst/u_sigmoid/Madd_y_tanh_cy<23>
    SLICE_X38Y61.DMUX    Tcind                 0.320   XLXI_50/u_data_path/activation_engine_inst/u_sigmoid/Madd_y_tanh_cy<27>
                                                       XLXI_50/u_data_path/activation_engine_inst/u_sigmoid/Madd_y_tanh_cy<27>
    SLICE_X29Y61.D3      net (fanout=1)        1.273   XLXI_50/u_data_path/activation_engine_inst/u_sigmoid/y_tanh<27>
    SLICE_X29Y61.D       Tilo                  0.259   XLXI_50/u_data_path/PC_env/REG<27>
                                                       XLXI_50/u_data_path/DINTMUX/Mmux_O406
    SLICE_X29Y61.C6      net (fanout=2)        0.149   XLXI_50/u_data_path/DINTMUX/Mmux_O405
    SLICE_X29Y61.C       Tilo                  0.259   XLXI_50/u_data_path/PC_env/REG<27>
                                                       XLXI_50/u_data_path/DINTMUX/Mmux_O407
    SLICE_X33Y61.DX      net (fanout=1)        1.069   XLXI_50/u_data_path/DINT<27>
    SLICE_X33Y61.CLK     Tdick                 0.114   XLXI_50/u_data_path/C_REG/REG<27>
                                                       XLXI_50/u_data_path/C_REG/REG_27
    -------------------------------------------------  ---------------------------
    Total                                     23.949ns (6.804ns logic, 17.145ns route)
                                                       (28.4% logic, 71.6% route)

--------------------------------------------------------------------------------

Paths for end point XLXI_50/u_data_path/C_REG/REG_26 (SLICE_X32Y61.CX), 31270272495 paths
--------------------------------------------------------------------------------
Slack (setup path):     0.813ns (requirement - (data path - clock path skew + uncertainty))
  Source:               XLXI_50/u_data_path/B_REG/REG_8 (FF)
  Destination:          XLXI_50/u_data_path/C_REG/REG_26 (FF)
  Requirement:          25.000ns
  Data Path Delay:      24.011ns (Levels of Logic = 17)
  Clock Path Skew:      -0.141ns (0.424 - 0.565)
  Source Clock:         sdClkFb_i_BUFGP rising at 0.000ns
  Destination Clock:    sdClkFb_i_BUFGP rising at 25.000ns
  Clock Uncertainty:    0.035ns

  Clock Uncertainty:          0.035ns  ((TSJ^2 + TIJ^2)^1/2 + DJ) / 2 + PE
    Total System Jitter (TSJ):  0.070ns
    Total Input Jitter (TIJ):   0.000ns
    Discrete Jitter (DJ):       0.000ns
    Phase Error (PE):           0.000ns

  Maximum Data Path at Slow Process Corner: XLXI_50/u_data_path/B_REG/REG_8 to XLXI_50/u_data_path/C_REG/REG_26
    Location             Delay type         Delay(ns)  Physical Resource
                                                       Logical Resource(s)
    -------------------------------------------------  -------------------
    SLICE_X13Y53.AQ      Tcko                  0.430   XLXI_50/u_data_path/B_REG/REG<15>
                                                       XLXI_50/u_data_path/B_REG/REG_8
    SLICE_X27Y53.A3      net (fanout=4)        3.313   XLXI_50/u_data_path/B_REG/REG<8>
    SLICE_X27Y53.A       Tilo                  0.259   XLXI_50/u_data_path/activation_engine_inst/u_sigmoid/ADDERTREE_INTERNAL_Madd3
                                                       XLXI_50/u_data_path/S1MUX/Mmux_O311_1
    SLICE_X26Y53.D5      net (fanout=5)        1.882   XLXI_50/u_data_path/S1MUX/Mmux_O311
    SLICE_X26Y53.DMUX    Tilo                  0.326   XLXI_50/u_data_path/activation_engine_inst/u_sigmoid/ADDERTREE_INTERNAL_Madd_71
                                                       XLXI_50/u_data_path/activation_engine_inst/u_sigmoid/ADDERTREE_INTERNAL_Madd17
    SLICE_X26Y54.A3      net (fanout=2)        1.012   XLXI_50/u_data_path/activation_engine_inst/u_sigmoid/ADDERTREE_INTERNAL_Madd17
    SLICE_X26Y54.COUT    Topcya                0.474   XLXI_50/u_data_path/activation_engine_inst/u_sigmoid/ADDERTREE_INTERNAL_Madd_111
                                                       XLXI_50/u_data_path/activation_engine_inst/u_sigmoid/ADDERTREE_INTERNAL_Madd1_lut<0>8
                                                       XLXI_50/u_data_path/activation_engine_inst/u_sigmoid/ADDERTREE_INTERNAL_Madd1_cy<0>_10
    SLICE_X26Y55.CIN     net (fanout=1)        0.003   XLXI_50/u_data_path/activation_engine_inst/u_sigmoid/ADDERTREE_INTERNAL_Madd1_cy<0>11
    SLICE_X26Y55.BQ      Tito_logic            0.788   XLXI_50/u_data_path/activation_engine_inst/u_sigmoid/ADDERTREE_INTERNAL_Madd_151
                                                       XLXI_50/u_data_path/activation_engine_inst/u_sigmoid/ADDERTREE_INTERNAL_Madd1_cy<0>_14
                                                       XLXI_50/u_data_path/activation_engine_inst/u_sigmoid/ADDERTREE_INTERNAL_Madd_131_rt
    SLICE_X32Y56.B5      net (fanout=2)        1.027   XLXI_50/u_data_path/activation_engine_inst/u_sigmoid/ADDERTREE_INTERNAL_Madd_131
    SLICE_X32Y56.COUT    Topcyb                0.448   XLXI_50/u_data_path/activation_engine_inst/u_sigmoid/ADDERTREE_INTERNAL_Madd4_cy<15>
                                                       XLXI_50/u_data_path/activation_engine_inst/u_sigmoid/ADDERTREE_INTERNAL_Madd4_lut<13>
                                                       XLXI_50/u_data_path/activation_engine_inst/u_sigmoid/ADDERTREE_INTERNAL_Madd4_cy<15>
    SLICE_X32Y57.CIN     net (fanout=1)        0.003   XLXI_50/u_data_path/activation_engine_inst/u_sigmoid/ADDERTREE_INTERNAL_Madd4_cy<15>
    SLICE_X32Y57.AMUX    Tcina                 0.210   XLXI_50/u_data_path/activation_engine_inst/u_sigmoid/ADDERTREE_INTERNAL_Madd4_cy<19>
                                                       XLXI_50/u_data_path/activation_engine_inst/u_sigmoid/ADDERTREE_INTERNAL_Madd4_cy<19>
    SLICE_X28Y53.B4      net (fanout=2)        0.944   XLXI_50/u_data_path/activation_engine_inst/u_sigmoid/ADDERTREE_INTERNAL_Madd_164
    SLICE_X28Y53.B       Tilo                  0.235   XLXI_50/u_data_path/activation_engine_inst/u_softmax/u_dma/base_reg<17>
                                                       XLXI_50/u_data_path/activation_engine_inst/u_sigmoid/sigmoid_input_mux/Mmux_O81
    SLICE_X50Y59.A1      net (fanout=5)        3.064   XLXI_50/u_data_path/activation_engine_inst/u_sigmoid/sigmoid_input<16>
    SLICE_X50Y59.COUT    Topcya                0.474   XLXI_50/u_data_path/activation_engine_inst/u_sigmoid/sigmoid_core/Madd_n0044[29:0]_cy<16>
                                                       XLXI_50/u_data_path/activation_engine_inst/u_sigmoid/sigmoid_core/Madd_n0044[29:0]_lut<13>
                                                       XLXI_50/u_data_path/activation_engine_inst/u_sigmoid/sigmoid_core/Madd_n0044[29:0]_cy<16>
    SLICE_X50Y60.CIN     net (fanout=1)        0.003   XLXI_50/u_data_path/activation_engine_inst/u_sigmoid/sigmoid_core/Madd_n0044[29:0]_cy<16>
    SLICE_X50Y60.COUT    Tbyp                  0.093   XLXI_50/u_data_path/activation_engine_inst/u_sigmoid/sigmoid_core/Madd_n0044[29:0]_cy<20>
                                                       XLXI_50/u_data_path/activation_engine_inst/u_sigmoid/sigmoid_core/Madd_n0044[29:0]_cy<20>
    SLICE_X50Y61.CIN     net (fanout=1)        0.003   XLXI_50/u_data_path/activation_engine_inst/u_sigmoid/sigmoid_core/Madd_n0044[29:0]_cy<20>
    SLICE_X50Y61.AMUX    Tcina                 0.220   XLXI_50/u_data_path/activation_engine_inst/u_sigmoid/sigmoid_core/Madd_n0044[29:0]_cy<24>
                                                       XLXI_50/u_data_path/activation_engine_inst/u_sigmoid/sigmoid_core/Madd_n0044[29:0]_cy<24>
    SLICE_X47Y61.A6      net (fanout=3)        0.829   XLXI_50/u_data_path/activation_engine_inst/u_sigmoid/sigmoid_core/n0044[29:0]<21>
    SLICE_X47Y61.A       Tilo                  0.259   XLXI_23/u1/UHdrScanner/hdrRcvd_r_inv
                                                       XLXI_50/u_data_path/activation_engine_inst/u_sigmoid/sigmoid_core/Mmux_y_pos281_SW0
    SLICE_X47Y61.B2      net (fanout=1)        1.390   N460
    SLICE_X47Y61.B       Tilo                  0.259   XLXI_23/u1/UHdrScanner/hdrRcvd_r_inv
                                                       XLXI_50/u_data_path/activation_engine_inst/u_sigmoid/sigmoid_core/Mmux_y_pos281
    SLICE_X42Y60.B4      net (fanout=3)        0.841   XLXI_50/u_data_path/activation_engine_inst/u_sigmoid/sigmoid_core/Mmux_y_pos28
    SLICE_X42Y60.COUT    Topcyb                0.483   XLXI_50/u_data_path/activation_engine_inst/u_sigmoid/sigmoid_core/Msub_GND_139_o_GND_139_o_sub_16_OUT_cy<23>
                                                       XLXI_50/u_data_path/activation_engine_inst/u_sigmoid/sigmoid_core/Msub_GND_139_o_GND_139_o_sub_16_OUT_lut<21>
                                                       XLXI_50/u_data_path/activation_engine_inst/u_sigmoid/sigmoid_core/Msub_GND_139_o_GND_139_o_sub_16_OUT_cy<23>
    SLICE_X42Y61.CIN     net (fanout=1)        0.003   XLXI_50/u_data_path/activation_engine_inst/u_sigmoid/sigmoid_core/Msub_GND_139_o_GND_139_o_sub_16_OUT_cy<23>
    SLICE_X42Y61.AMUX    Tcina                 0.220   XLXI_50/u_data_path/activation_engine_inst/u_sigmoid/sigmoid_core/Msub_GND_139_o_GND_139_o_sub_16_OUT_cy<27>
                                                       XLXI_50/u_data_path/activation_engine_inst/u_sigmoid/sigmoid_core/Msub_GND_139_o_GND_139_o_sub_16_OUT_cy<27>
    SLICE_X38Y61.B3      net (fanout=2)        0.717   XLXI_50/u_data_path/activation_engine_inst/u_sigmoid/sigmoid_core/GND_139_o_GND_139_o_sub_16_OUT<24>
    SLICE_X38Y61.CMUX    Topbc                 0.650   XLXI_50/u_data_path/activation_engine_inst/u_sigmoid/Madd_y_tanh_cy<27>
                                                       XLXI_50/u_data_path/activation_engine_inst/u_sigmoid/Madd_y_tanh_lut<25>
                                                       XLXI_50/u_data_path/activation_engine_inst/u_sigmoid/Madd_y_tanh_cy<27>
    SLICE_X29Y61.B1      net (fanout=1)        1.403   XLXI_50/u_data_path/activation_engine_inst/u_sigmoid/y_tanh<26>
    SLICE_X29Y61.B       Tilo                  0.259   XLXI_50/u_data_path/PC_env/REG<27>
                                                       XLXI_50/u_data_path/DINTMUX/Mmux_O386
    SLICE_X29Y61.A5      net (fanout=2)        0.236   XLXI_50/u_data_path/DINTMUX/Mmux_O385
    SLICE_X29Y61.A       Tilo                  0.259   XLXI_50/u_data_path/PC_env/REG<27>
                                                       XLXI_50/u_data_path/DINTMUX/Mmux_O387
    SLICE_X32Y61.CX      net (fanout=1)        0.878   XLXI_50/u_data_path/DINT<26>
    SLICE_X32Y61.CLK     Tdick                 0.114   XLXI_50/u_data_path/C_REG/REG<26>
                                                       XLXI_50/u_data_path/C_REG/REG_26
    -------------------------------------------------  ---------------------------
    Total                                     24.011ns (6.460ns logic, 17.551ns route)
                                                       (26.9% logic, 73.1% route)

--------------------------------------------------------------------------------
Slack (setup path):     0.888ns (requirement - (data path - clock path skew + uncertainty))
  Source:               XLXI_50/u_data_path/B_REG/REG_8 (FF)
  Destination:          XLXI_50/u_data_path/C_REG/REG_26 (FF)
  Requirement:          25.000ns
  Data Path Delay:      23.936ns (Levels of Logic = 19)
  Clock Path Skew:      -0.141ns (0.424 - 0.565)
  Source Clock:         sdClkFb_i_BUFGP rising at 0.000ns
  Destination Clock:    sdClkFb_i_BUFGP rising at 25.000ns
  Clock Uncertainty:    0.035ns

  Clock Uncertainty:          0.035ns  ((TSJ^2 + TIJ^2)^1/2 + DJ) / 2 + PE
    Total System Jitter (TSJ):  0.070ns
    Total Input Jitter (TIJ):   0.000ns
    Discrete Jitter (DJ):       0.000ns
    Phase Error (PE):           0.000ns

  Maximum Data Path at Slow Process Corner: XLXI_50/u_data_path/B_REG/REG_8 to XLXI_50/u_data_path/C_REG/REG_26
    Location             Delay type         Delay(ns)  Physical Resource
                                                       Logical Resource(s)
    -------------------------------------------------  -------------------
    SLICE_X13Y53.AQ      Tcko                  0.430   XLXI_50/u_data_path/B_REG/REG<15>
                                                       XLXI_50/u_data_path/B_REG/REG_8
    SLICE_X27Y53.A3      net (fanout=4)        3.313   XLXI_50/u_data_path/B_REG/REG<8>
    SLICE_X27Y53.A       Tilo                  0.259   XLXI_50/u_data_path/activation_engine_inst/u_sigmoid/ADDERTREE_INTERNAL_Madd3
                                                       XLXI_50/u_data_path/S1MUX/Mmux_O311_1
    SLICE_X26Y53.D5      net (fanout=5)        1.882   XLXI_50/u_data_path/S1MUX/Mmux_O311
    SLICE_X26Y53.DMUX    Tilo                  0.326   XLXI_50/u_data_path/activation_engine_inst/u_sigmoid/ADDERTREE_INTERNAL_Madd_71
                                                       XLXI_50/u_data_path/activation_engine_inst/u_sigmoid/ADDERTREE_INTERNAL_Madd17
    SLICE_X26Y54.A3      net (fanout=2)        1.012   XLXI_50/u_data_path/activation_engine_inst/u_sigmoid/ADDERTREE_INTERNAL_Madd17
    SLICE_X26Y54.COUT    Topcya                0.474   XLXI_50/u_data_path/activation_engine_inst/u_sigmoid/ADDERTREE_INTERNAL_Madd_111
                                                       XLXI_50/u_data_path/activation_engine_inst/u_sigmoid/ADDERTREE_INTERNAL_Madd1_lut<0>8
                                                       XLXI_50/u_data_path/activation_engine_inst/u_sigmoid/ADDERTREE_INTERNAL_Madd1_cy<0>_10
    SLICE_X26Y55.CIN     net (fanout=1)        0.003   XLXI_50/u_data_path/activation_engine_inst/u_sigmoid/ADDERTREE_INTERNAL_Madd1_cy<0>11
    SLICE_X26Y55.COUT    Tbyp                  0.093   XLXI_50/u_data_path/activation_engine_inst/u_sigmoid/ADDERTREE_INTERNAL_Madd_151
                                                       XLXI_50/u_data_path/activation_engine_inst/u_sigmoid/ADDERTREE_INTERNAL_Madd1_cy<0>_14
    SLICE_X26Y56.CIN     net (fanout=1)        0.082   XLXI_50/u_data_path/activation_engine_inst/u_sigmoid/ADDERTREE_INTERNAL_Madd1_cy<0>15
    SLICE_X26Y56.COUT    Tbyp                  0.093   XLXI_50/u_data_path/activation_engine_inst/u_sigmoid/ADDERTREE_INTERNAL_Madd_191
                                                       XLXI_50/u_data_path/activation_engine_inst/u_sigmoid/ADDERTREE_INTERNAL_Madd1_cy<0>_18
    SLICE_X26Y57.CIN     net (fanout=1)        0.003   XLXI_50/u_data_path/activation_engine_inst/u_sigmoid/ADDERTREE_INTERNAL_Madd1_cy<0>19
    SLICE_X26Y57.BQ      Tito_logic            0.788   XLXI_50/u_data_path/activation_engine_inst/u_sigmoid/ADDERTREE_INTERNAL_Madd_231
                                                       XLXI_50/u_data_path/activation_engine_inst/u_sigmoid/ADDERTREE_INTERNAL_Madd1_cy<0>_22
                                                       XLXI_50/u_data_path/activation_engine_inst/u_sigmoid/ADDERTREE_INTERNAL_Madd_211_rt
    SLICE_X32Y58.B5      net (fanout=2)        1.001   XLXI_50/u_data_path/activation_engine_inst/u_sigmoid/ADDERTREE_INTERNAL_Madd_211
    SLICE_X32Y58.COUT    Topcyb                0.448   XLXI_50/u_data_path/activation_engine_inst/u_sigmoid/ADDERTREE_INTERNAL_Madd4_cy<23>
                                                       XLXI_50/u_data_path/activation_engine_inst/u_sigmoid/ADDERTREE_INTERNAL_Madd4_lut<21>
                                                       XLXI_50/u_data_path/activation_engine_inst/u_sigmoid/ADDERTREE_INTERNAL_Madd4_cy<23>
    SLICE_X32Y59.CIN     net (fanout=1)        0.003   XLXI_50/u_data_path/activation_engine_inst/u_sigmoid/ADDERTREE_INTERNAL_Madd4_cy<23>
    SLICE_X32Y59.AMUX    Tcina                 0.210   XLXI_50/u_data_path/activation_engine_inst/u_sigmoid/ADDERTREE_INTERNAL_Madd4_cy<27>
                                                       XLXI_50/u_data_path/activation_engine_inst/u_sigmoid/ADDERTREE_INTERNAL_Madd4_cy<27>
    SLICE_X34Y60.A3      net (fanout=2)        1.042   XLXI_50/u_data_path/activation_engine_inst/u_sigmoid/ADDERTREE_INTERNAL_Madd_244
    SLICE_X34Y60.AMUX    Topaa                 0.456   XLXI_50/u_data_path/activation_engine_inst/u_sigmoid/sigmoid_core/Madd_x[31]_GND_139_o_add_1_OUT_cy<27>
                                                       XLXI_50/u_data_path/activation_engine_inst/u_sigmoid/sigmoid_core/n0039<24>1
                                                       XLXI_50/u_data_path/activation_engine_inst/u_sigmoid/sigmoid_core/Madd_x[31]_GND_139_o_add_1_OUT_cy<27>
    SLICE_X36Y59.C1      net (fanout=5)        1.543   XLXI_50/u_data_path/activation_engine_inst/u_sigmoid/sigmoid_core/x[31]_GND_139_o_add_1_OUT<24>
    SLICE_X36Y59.CMUX    Tilo                  0.403   XLXI_50/u_data_path/PC_env/REG<20>
                                                       XLXI_50/u_data_path/activation_engine_inst/u_sigmoid/sigmoid_core/GND_139_o_x[31]_LessThan_5_o121_G
                                                       XLXI_50/u_data_path/activation_engine_inst/u_sigmoid/sigmoid_core/GND_139_o_x[31]_LessThan_5_o121
    SLICE_X45Y58.A2      net (fanout=6)        1.669   XLXI_50/u_data_path/activation_engine_inst/u_sigmoid/sigmoid_core/GND_139_o_x[31]_LessThan_5_o12
    SLICE_X45Y58.A       Tilo                  0.259   XLXI_50/u_data_path/activation_engine_inst/u_sigmoid/sigmoid_core/Mmux_y_pos10
                                                       XLXI_50/u_data_path/activation_engine_inst/u_sigmoid/sigmoid_core/GND_139_o_x[31]_LessThan_9_o32_2
    SLICE_X50Y58.A5      net (fanout=11)       0.968   XLXI_50/u_data_path/activation_engine_inst/u_sigmoid/sigmoid_core/GND_139_o_x[31]_LessThan_9_o322
    SLICE_X50Y58.A       Tilo                  0.254   XLXI_50/u_data_path/activation_engine_inst/u_sigmoid/sigmoid_core/Mmux_ax71
                                                       XLXI_50/u_data_path/activation_engine_inst/u_sigmoid/sigmoid_core/Mmux_y_pos571
    SLICE_X42Y57.A2      net (fanout=2)        1.378   XLXI_50/u_data_path/activation_engine_inst/u_sigmoid/sigmoid_core/Mmux_y_pos57
    SLICE_X42Y57.COUT    Topcya                0.474   XLXI_50/u_data_path/activation_engine_inst/u_sigmoid/sigmoid_core/Msub_GND_139_o_GND_139_o_sub_16_OUT_cy<11>
                                                       XLXI_50/u_data_path/activation_engine_inst/u_sigmoid/sigmoid_core/Msub_GND_139_o_GND_139_o_sub_16_OUT_lut<8>
                                                       XLXI_50/u_data_path/activation_engine_inst/u_sigmoid/sigmoid_core/Msub_GND_139_o_GND_139_o_sub_16_OUT_cy<11>
    SLICE_X42Y58.CIN     net (fanout=1)        0.003   XLXI_50/u_data_path/activation_engine_inst/u_sigmoid/sigmoid_core/Msub_GND_139_o_GND_139_o_sub_16_OUT_cy<11>
    SLICE_X42Y58.COUT    Tbyp                  0.093   XLXI_50/u_data_path/activation_engine_inst/u_sigmoid/sigmoid_core/Msub_GND_139_o_GND_139_o_sub_16_OUT_cy<15>
                                                       XLXI_50/u_data_path/activation_engine_inst/u_sigmoid/sigmoid_core/Msub_GND_139_o_GND_139_o_sub_16_OUT_cy<15>
    SLICE_X42Y59.CIN     net (fanout=1)        0.003   XLXI_50/u_data_path/activation_engine_inst/u_sigmoid/sigmoid_core/Msub_GND_139_o_GND_139_o_sub_16_OUT_cy<15>
    SLICE_X42Y59.DMUX    Tcind                 0.320   XLXI_50/u_data_path/activation_engine_inst/u_sigmoid/sigmoid_core/Msub_GND_139_o_GND_139_o_sub_16_OUT_cy<19>
                                                       XLXI_50/u_data_path/activation_engine_inst/u_sigmoid/sigmoid_core/Msub_GND_139_o_GND_139_o_sub_16_OUT_cy<19>
    SLICE_X38Y60.A5      net (fanout=2)        0.746   XLXI_50/u_data_path/activation_engine_inst/u_sigmoid/sigmoid_core/GND_139_o_GND_139_o_sub_16_OUT<19>
    SLICE_X38Y60.COUT    Topcya                0.474   XLXI_50/u_data_path/activation_engine_inst/u_sigmoid/Madd_y_tanh_cy<23>
                                                       XLXI_50/u_data_path/activation_engine_inst/u_sigmoid/Madd_y_tanh_lut<20>
                                                       XLXI_50/u_data_path/activation_engine_inst/u_sigmoid/Madd_y_tanh_cy<23>
    SLICE_X38Y61.CIN     net (fanout=1)        0.003   XLXI_50/u_data_path/activation_engine_inst/u_sigmoid/Madd_y_tanh_cy<23>
    SLICE_X38Y61.CMUX    Tcinc                 0.279   XLXI_50/u_data_path/activation_engine_inst/u_sigmoid/Madd_y_tanh_cy<27>
                                                       XLXI_50/u_data_path/activation_engine_inst/u_sigmoid/Madd_y_tanh_cy<27>
    SLICE_X29Y61.B1      net (fanout=1)        1.403   XLXI_50/u_data_path/activation_engine_inst/u_sigmoid/y_tanh<26>
    SLICE_X29Y61.B       Tilo                  0.259   XLXI_50/u_data_path/PC_env/REG<27>
                                                       XLXI_50/u_data_path/DINTMUX/Mmux_O386
    SLICE_X29Y61.A5      net (fanout=2)        0.236   XLXI_50/u_data_path/DINTMUX/Mmux_O385
    SLICE_X29Y61.A       Tilo                  0.259   XLXI_50/u_data_path/PC_env/REG<27>
                                                       XLXI_50/u_data_path/DINTMUX/Mmux_O387
    SLICE_X32Y61.CX      net (fanout=1)        0.878   XLXI_50/u_data_path/DINT<26>
    SLICE_X32Y61.CLK     Tdick                 0.114   XLXI_50/u_data_path/C_REG/REG<26>
                                                       XLXI_50/u_data_path/C_REG/REG_26
    -------------------------------------------------  ---------------------------
    Total                                     23.936ns (6.765ns logic, 17.171ns route)
                                                       (28.3% logic, 71.7% route)

--------------------------------------------------------------------------------
Slack (setup path):     0.890ns (requirement - (data path - clock path skew + uncertainty))
  Source:               XLXI_50/u_data_path/B_REG/REG_8 (FF)
  Destination:          XLXI_50/u_data_path/C_REG/REG_26 (FF)
  Requirement:          25.000ns
  Data Path Delay:      23.934ns (Levels of Logic = 19)
  Clock Path Skew:      -0.141ns (0.424 - 0.565)
  Source Clock:         sdClkFb_i_BUFGP rising at 0.000ns
  Destination Clock:    sdClkFb_i_BUFGP rising at 25.000ns
  Clock Uncertainty:    0.035ns

  Clock Uncertainty:          0.035ns  ((TSJ^2 + TIJ^2)^1/2 + DJ) / 2 + PE
    Total System Jitter (TSJ):  0.070ns
    Total Input Jitter (TIJ):   0.000ns
    Discrete Jitter (DJ):       0.000ns
    Phase Error (PE):           0.000ns

  Maximum Data Path at Slow Process Corner: XLXI_50/u_data_path/B_REG/REG_8 to XLXI_50/u_data_path/C_REG/REG_26
    Location             Delay type         Delay(ns)  Physical Resource
                                                       Logical Resource(s)
    -------------------------------------------------  -------------------
    SLICE_X13Y53.AQ      Tcko                  0.430   XLXI_50/u_data_path/B_REG/REG<15>
                                                       XLXI_50/u_data_path/B_REG/REG_8
    SLICE_X27Y53.A3      net (fanout=4)        3.313   XLXI_50/u_data_path/B_REG/REG<8>
    SLICE_X27Y53.A       Tilo                  0.259   XLXI_50/u_data_path/activation_engine_inst/u_sigmoid/ADDERTREE_INTERNAL_Madd3
                                                       XLXI_50/u_data_path/S1MUX/Mmux_O311_1
    SLICE_X26Y53.D5      net (fanout=5)        1.882   XLXI_50/u_data_path/S1MUX/Mmux_O311
    SLICE_X26Y53.DMUX    Tilo                  0.326   XLXI_50/u_data_path/activation_engine_inst/u_sigmoid/ADDERTREE_INTERNAL_Madd_71
                                                       XLXI_50/u_data_path/activation_engine_inst/u_sigmoid/ADDERTREE_INTERNAL_Madd17
    SLICE_X26Y54.A3      net (fanout=2)        1.012   XLXI_50/u_data_path/activation_engine_inst/u_sigmoid/ADDERTREE_INTERNAL_Madd17
    SLICE_X26Y54.COUT    Topcya                0.474   XLXI_50/u_data_path/activation_engine_inst/u_sigmoid/ADDERTREE_INTERNAL_Madd_111
                                                       XLXI_50/u_data_path/activation_engine_inst/u_sigmoid/ADDERTREE_INTERNAL_Madd1_lut<0>8
                                                       XLXI_50/u_data_path/activation_engine_inst/u_sigmoid/ADDERTREE_INTERNAL_Madd1_cy<0>_10
    SLICE_X26Y55.CIN     net (fanout=1)        0.003   XLXI_50/u_data_path/activation_engine_inst/u_sigmoid/ADDERTREE_INTERNAL_Madd1_cy<0>11
    SLICE_X26Y55.COUT    Tbyp                  0.093   XLXI_50/u_data_path/activation_engine_inst/u_sigmoid/ADDERTREE_INTERNAL_Madd_151
                                                       XLXI_50/u_data_path/activation_engine_inst/u_sigmoid/ADDERTREE_INTERNAL_Madd1_cy<0>_14
    SLICE_X26Y56.CIN     net (fanout=1)        0.082   XLXI_50/u_data_path/activation_engine_inst/u_sigmoid/ADDERTREE_INTERNAL_Madd1_cy<0>15
    SLICE_X26Y56.BQ      Tito_logic            0.788   XLXI_50/u_data_path/activation_engine_inst/u_sigmoid/ADDERTREE_INTERNAL_Madd_191
                                                       XLXI_50/u_data_path/activation_engine_inst/u_sigmoid/ADDERTREE_INTERNAL_Madd1_cy<0>_18
                                                       XLXI_50/u_data_path/activation_engine_inst/u_sigmoid/ADDERTREE_INTERNAL_Madd_171_rt
    SLICE_X32Y57.B5      net (fanout=2)        1.001   XLXI_50/u_data_path/activation_engine_inst/u_sigmoid/ADDERTREE_INTERNAL_Madd_171
    SLICE_X32Y57.COUT    Topcyb                0.448   XLXI_50/u_data_path/activation_engine_inst/u_sigmoid/ADDERTREE_INTERNAL_Madd4_cy<19>
                                                       XLXI_50/u_data_path/activation_engine_inst/u_sigmoid/ADDERTREE_INTERNAL_Madd4_lut<17>
                                                       XLXI_50/u_data_path/activation_engine_inst/u_sigmoid/ADDERTREE_INTERNAL_Madd4_cy<19>
    SLICE_X32Y58.CIN     net (fanout=1)        0.003   XLXI_50/u_data_path/activation_engine_inst/u_sigmoid/ADDERTREE_INTERNAL_Madd4_cy<19>
    SLICE_X32Y58.COUT    Tbyp                  0.091   XLXI_50/u_data_path/activation_engine_inst/u_sigmoid/ADDERTREE_INTERNAL_Madd4_cy<23>
                                                       XLXI_50/u_data_path/activation_engine_inst/u_sigmoid/ADDERTREE_INTERNAL_Madd4_cy<23>
    SLICE_X32Y59.CIN     net (fanout=1)        0.003   XLXI_50/u_data_path/activation_engine_inst/u_sigmoid/ADDERTREE_INTERNAL_Madd4_cy<23>
    SLICE_X32Y59.AMUX    Tcina                 0.210   XLXI_50/u_data_path/activation_engine_inst/u_sigmoid/ADDERTREE_INTERNAL_Madd4_cy<27>
                                                       XLXI_50/u_data_path/activation_engine_inst/u_sigmoid/ADDERTREE_INTERNAL_Madd4_cy<27>
    SLICE_X34Y60.A3      net (fanout=2)        1.042   XLXI_50/u_data_path/activation_engine_inst/u_sigmoid/ADDERTREE_INTERNAL_Madd_244
    SLICE_X34Y60.AMUX    Topaa                 0.456   XLXI_50/u_data_path/activation_engine_inst/u_sigmoid/sigmoid_core/Madd_x[31]_GND_139_o_add_1_OUT_cy<27>
                                                       XLXI_50/u_data_path/activation_engine_inst/u_sigmoid/sigmoid_core/n0039<24>1
                                                       XLXI_50/u_data_path/activation_engine_inst/u_sigmoid/sigmoid_core/Madd_x[31]_GND_139_o_add_1_OUT_cy<27>
    SLICE_X36Y59.C1      net (fanout=5)        1.543   XLXI_50/u_data_path/activation_engine_inst/u_sigmoid/sigmoid_core/x[31]_GND_139_o_add_1_OUT<24>
    SLICE_X36Y59.CMUX    Tilo                  0.403   XLXI_50/u_data_path/PC_env/REG<20>
                                                       XLXI_50/u_data_path/activation_engine_inst/u_sigmoid/sigmoid_core/GND_139_o_x[31]_LessThan_5_o121_G
                                                       XLXI_50/u_data_path/activation_engine_inst/u_sigmoid/sigmoid_core/GND_139_o_x[31]_LessThan_5_o121
    SLICE_X45Y58.A2      net (fanout=6)        1.669   XLXI_50/u_data_path/activation_engine_inst/u_sigmoid/sigmoid_core/GND_139_o_x[31]_LessThan_5_o12
    SLICE_X45Y58.A       Tilo                  0.259   XLXI_50/u_data_path/activation_engine_inst/u_sigmoid/sigmoid_core/Mmux_y_pos10
                                                       XLXI_50/u_data_path/activation_engine_inst/u_sigmoid/sigmoid_core/GND_139_o_x[31]_LessThan_9_o32_2
    SLICE_X50Y58.A5      net (fanout=11)       0.968   XLXI_50/u_data_path/activation_engine_inst/u_sigmoid/sigmoid_core/GND_139_o_x[31]_LessThan_9_o322
    SLICE_X50Y58.A       Tilo                  0.254   XLXI_50/u_data_path/activation_engine_inst/u_sigmoid/sigmoid_core/Mmux_ax71
                                                       XLXI_50/u_data_path/activation_engine_inst/u_sigmoid/sigmoid_core/Mmux_y_pos571
    SLICE_X42Y57.A2      net (fanout=2)        1.378   XLXI_50/u_data_path/activation_engine_inst/u_sigmoid/sigmoid_core/Mmux_y_pos57
    SLICE_X42Y57.COUT    Topcya                0.474   XLXI_50/u_data_path/activation_engine_inst/u_sigmoid/sigmoid_core/Msub_GND_139_o_GND_139_o_sub_16_OUT_cy<11>
                                                       XLXI_50/u_data_path/activation_engine_inst/u_sigmoid/sigmoid_core/Msub_GND_139_o_GND_139_o_sub_16_OUT_lut<8>
                                                       XLXI_50/u_data_path/activation_engine_inst/u_sigmoid/sigmoid_core/Msub_GND_139_o_GND_139_o_sub_16_OUT_cy<11>
    SLICE_X42Y58.CIN     net (fanout=1)        0.003   XLXI_50/u_data_path/activation_engine_inst/u_sigmoid/sigmoid_core/Msub_GND_139_o_GND_139_o_sub_16_OUT_cy<11>
    SLICE_X42Y58.COUT    Tbyp                  0.093   XLXI_50/u_data_path/activation_engine_inst/u_sigmoid/sigmoid_core/Msub_GND_139_o_GND_139_o_sub_16_OUT_cy<15>
                                                       XLXI_50/u_data_path/activation_engine_inst/u_sigmoid/sigmoid_core/Msub_GND_139_o_GND_139_o_sub_16_OUT_cy<15>
    SLICE_X42Y59.CIN     net (fanout=1)        0.003   XLXI_50/u_data_path/activation_engine_inst/u_sigmoid/sigmoid_core/Msub_GND_139_o_GND_139_o_sub_16_OUT_cy<15>
    SLICE_X42Y59.DMUX    Tcind                 0.320   XLXI_50/u_data_path/activation_engine_inst/u_sigmoid/sigmoid_core/Msub_GND_139_o_GND_139_o_sub_16_OUT_cy<19>
                                                       XLXI_50/u_data_path/activation_engine_inst/u_sigmoid/sigmoid_core/Msub_GND_139_o_GND_139_o_sub_16_OUT_cy<19>
    SLICE_X38Y60.A5      net (fanout=2)        0.746   XLXI_50/u_data_path/activation_engine_inst/u_sigmoid/sigmoid_core/GND_139_o_GND_139_o_sub_16_OUT<19>
    SLICE_X38Y60.COUT    Topcya                0.474   XLXI_50/u_data_path/activation_engine_inst/u_sigmoid/Madd_y_tanh_cy<23>
                                                       XLXI_50/u_data_path/activation_engine_inst/u_sigmoid/Madd_y_tanh_lut<20>
                                                       XLXI_50/u_data_path/activation_engine_inst/u_sigmoid/Madd_y_tanh_cy<23>
    SLICE_X38Y61.CIN     net (fanout=1)        0.003   XLXI_50/u_data_path/activation_engine_inst/u_sigmoid/Madd_y_tanh_cy<23>
    SLICE_X38Y61.CMUX    Tcinc                 0.279   XLXI_50/u_data_path/activation_engine_inst/u_sigmoid/Madd_y_tanh_cy<27>
                                                       XLXI_50/u_data_path/activation_engine_inst/u_sigmoid/Madd_y_tanh_cy<27>
    SLICE_X29Y61.B1      net (fanout=1)        1.403   XLXI_50/u_data_path/activation_engine_inst/u_sigmoid/y_tanh<26>
    SLICE_X29Y61.B       Tilo                  0.259   XLXI_50/u_data_path/PC_env/REG<27>
                                                       XLXI_50/u_data_path/DINTMUX/Mmux_O386
    SLICE_X29Y61.A5      net (fanout=2)        0.236   XLXI_50/u_data_path/DINTMUX/Mmux_O385
    SLICE_X29Y61.A       Tilo                  0.259   XLXI_50/u_data_path/PC_env/REG<27>
                                                       XLXI_50/u_data_path/DINTMUX/Mmux_O387
    SLICE_X32Y61.CX      net (fanout=1)        0.878   XLXI_50/u_data_path/DINT<26>
    SLICE_X32Y61.CLK     Tdick                 0.114   XLXI_50/u_data_path/C_REG/REG<26>
                                                       XLXI_50/u_data_path/C_REG/REG_26
    -------------------------------------------------  ---------------------------
    Total                                     23.934ns (6.763ns logic, 17.171ns route)
                                                       (28.3% logic, 71.7% route)

--------------------------------------------------------------------------------

Paths for end point XLXI_50/u_data_path/PC_env/REG_0 (SLICE_X24Y46.AX), 230304990 paths
--------------------------------------------------------------------------------
Slack (setup path):     1.135ns (requirement - (data path - clock path skew + uncertainty))
  Source:               XLXI_50/u_data_path/B_REG/REG_8 (FF)
  Destination:          XLXI_50/u_data_path/PC_env/REG_0 (FF)
  Requirement:          25.000ns
  Data Path Delay:      23.723ns (Levels of Logic = 16)
  Clock Path Skew:      -0.107ns (0.550 - 0.657)
  Source Clock:         sdClkFb_i_BUFGP rising at 0.000ns
  Destination Clock:    sdClkFb_i_BUFGP rising at 25.000ns
  Clock Uncertainty:    0.035ns

  Clock Uncertainty:          0.035ns  ((TSJ^2 + TIJ^2)^1/2 + DJ) / 2 + PE
    Total System Jitter (TSJ):  0.070ns
    Total Input Jitter (TIJ):   0.000ns
    Discrete Jitter (DJ):       0.000ns
    Phase Error (PE):           0.000ns

  Maximum Data Path at Slow Process Corner: XLXI_50/u_data_path/B_REG/REG_8 to XLXI_50/u_data_path/PC_env/REG_0
    Location             Delay type         Delay(ns)  Physical Resource
                                                       Logical Resource(s)
    -------------------------------------------------  -------------------
    SLICE_X13Y53.AQ      Tcko                  0.430   XLXI_50/u_data_path/B_REG/REG<15>
                                                       XLXI_50/u_data_path/B_REG/REG_8
    SLICE_X27Y53.A3      net (fanout=4)        3.313   XLXI_50/u_data_path/B_REG/REG<8>
    SLICE_X27Y53.A       Tilo                  0.259   XLXI_50/u_data_path/activation_engine_inst/u_sigmoid/ADDERTREE_INTERNAL_Madd3
                                                       XLXI_50/u_data_path/S1MUX/Mmux_O311_1
    SLICE_X26Y53.D5      net (fanout=5)        1.882   XLXI_50/u_data_path/S1MUX/Mmux_O311
    SLICE_X26Y53.DMUX    Tilo                  0.326   XLXI_50/u_data_path/activation_engine_inst/u_sigmoid/ADDERTREE_INTERNAL_Madd_71
                                                       XLXI_50/u_data_path/activation_engine_inst/u_sigmoid/ADDERTREE_INTERNAL_Madd17
    SLICE_X26Y54.A3      net (fanout=2)        1.012   XLXI_50/u_data_path/activation_engine_inst/u_sigmoid/ADDERTREE_INTERNAL_Madd17
    SLICE_X26Y54.COUT    Topcya                0.474   XLXI_50/u_data_path/activation_engine_inst/u_sigmoid/ADDERTREE_INTERNAL_Madd_111
                                                       XLXI_50/u_data_path/activation_engine_inst/u_sigmoid/ADDERTREE_INTERNAL_Madd1_lut<0>8
                                                       XLXI_50/u_data_path/activation_engine_inst/u_sigmoid/ADDERTREE_INTERNAL_Madd1_cy<0>_10
    SLICE_X26Y55.CIN     net (fanout=1)        0.003   XLXI_50/u_data_path/activation_engine_inst/u_sigmoid/ADDERTREE_INTERNAL_Madd1_cy<0>11
    SLICE_X26Y55.COUT    Tbyp                  0.093   XLXI_50/u_data_path/activation_engine_inst/u_sigmoid/ADDERTREE_INTERNAL_Madd_151
                                                       XLXI_50/u_data_path/activation_engine_inst/u_sigmoid/ADDERTREE_INTERNAL_Madd1_cy<0>_14
    SLICE_X26Y56.CIN     net (fanout=1)        0.082   XLXI_50/u_data_path/activation_engine_inst/u_sigmoid/ADDERTREE_INTERNAL_Madd1_cy<0>15
    SLICE_X26Y56.COUT    Tbyp                  0.093   XLXI_50/u_data_path/activation_engine_inst/u_sigmoid/ADDERTREE_INTERNAL_Madd_191
                                                       XLXI_50/u_data_path/activation_engine_inst/u_sigmoid/ADDERTREE_INTERNAL_Madd1_cy<0>_18
    SLICE_X26Y57.CIN     net (fanout=1)        0.003   XLXI_50/u_data_path/activation_engine_inst/u_sigmoid/ADDERTREE_INTERNAL_Madd1_cy<0>19
    SLICE_X26Y57.BQ      Tito_logic            0.788   XLXI_50/u_data_path/activation_engine_inst/u_sigmoid/ADDERTREE_INTERNAL_Madd_231
                                                       XLXI_50/u_data_path/activation_engine_inst/u_sigmoid/ADDERTREE_INTERNAL_Madd1_cy<0>_22
                                                       XLXI_50/u_data_path/activation_engine_inst/u_sigmoid/ADDERTREE_INTERNAL_Madd_211_rt
    SLICE_X32Y58.B5      net (fanout=2)        1.001   XLXI_50/u_data_path/activation_engine_inst/u_sigmoid/ADDERTREE_INTERNAL_Madd_211
    SLICE_X32Y58.COUT    Topcyb                0.448   XLXI_50/u_data_path/activation_engine_inst/u_sigmoid/ADDERTREE_INTERNAL_Madd4_cy<23>
                                                       XLXI_50/u_data_path/activation_engine_inst/u_sigmoid/ADDERTREE_INTERNAL_Madd4_lut<21>
                                                       XLXI_50/u_data_path/activation_engine_inst/u_sigmoid/ADDERTREE_INTERNAL_Madd4_cy<23>
    SLICE_X32Y59.CIN     net (fanout=1)        0.003   XLXI_50/u_data_path/activation_engine_inst/u_sigmoid/ADDERTREE_INTERNAL_Madd4_cy<23>
    SLICE_X32Y59.AMUX    Tcina                 0.210   XLXI_50/u_data_path/activation_engine_inst/u_sigmoid/ADDERTREE_INTERNAL_Madd4_cy<27>
                                                       XLXI_50/u_data_path/activation_engine_inst/u_sigmoid/ADDERTREE_INTERNAL_Madd4_cy<27>
    SLICE_X34Y60.A3      net (fanout=2)        1.042   XLXI_50/u_data_path/activation_engine_inst/u_sigmoid/ADDERTREE_INTERNAL_Madd_244
    SLICE_X34Y60.AMUX    Topaa                 0.456   XLXI_50/u_data_path/activation_engine_inst/u_sigmoid/sigmoid_core/Madd_x[31]_GND_139_o_add_1_OUT_cy<27>
                                                       XLXI_50/u_data_path/activation_engine_inst/u_sigmoid/sigmoid_core/n0039<24>1
                                                       XLXI_50/u_data_path/activation_engine_inst/u_sigmoid/sigmoid_core/Madd_x[31]_GND_139_o_add_1_OUT_cy<27>
    SLICE_X36Y59.C1      net (fanout=5)        1.543   XLXI_50/u_data_path/activation_engine_inst/u_sigmoid/sigmoid_core/x[31]_GND_139_o_add_1_OUT<24>
    SLICE_X36Y59.CMUX    Tilo                  0.403   XLXI_50/u_data_path/PC_env/REG<20>
                                                       XLXI_50/u_data_path/activation_engine_inst/u_sigmoid/sigmoid_core/GND_139_o_x[31]_LessThan_5_o121_G
                                                       XLXI_50/u_data_path/activation_engine_inst/u_sigmoid/sigmoid_core/GND_139_o_x[31]_LessThan_5_o121
    SLICE_X45Y58.A2      net (fanout=6)        1.669   XLXI_50/u_data_path/activation_engine_inst/u_sigmoid/sigmoid_core/GND_139_o_x[31]_LessThan_5_o12
    SLICE_X45Y58.A       Tilo                  0.259   XLXI_50/u_data_path/activation_engine_inst/u_sigmoid/sigmoid_core/Mmux_y_pos10
                                                       XLXI_50/u_data_path/activation_engine_inst/u_sigmoid/sigmoid_core/GND_139_o_x[31]_LessThan_9_o32_2
    SLICE_X41Y54.C4      net (fanout=11)       1.073   XLXI_50/u_data_path/activation_engine_inst/u_sigmoid/sigmoid_core/GND_139_o_x[31]_LessThan_9_o322
    SLICE_X41Y54.C       Tilo                  0.259   XLXI_50/u_data_path/activation_engine_inst/u_sigmoid/sigmoid_core/Mmux_y_pos2
                                                       XLXI_50/u_data_path/activation_engine_inst/u_sigmoid/sigmoid_core/Mmux_y_pos21
    SLICE_X42Y55.A5      net (fanout=2)        0.490   XLXI_50/u_data_path/activation_engine_inst/u_sigmoid/sigmoid_core/Mmux_y_pos2
    SLICE_X42Y55.AMUX    Topaa                 0.456   XLXI_50/u_data_path/activation_engine_inst/u_sigmoid/sigmoid_core/Msub_GND_139_o_GND_139_o_sub_16_OUT_cy<3>
                                                       XLXI_50/u_data_path/activation_engine_inst/u_sigmoid/sigmoid_core/Msub_GND_139_o_GND_139_o_sub_16_OUT_lut<0>
                                                       XLXI_50/u_data_path/activation_engine_inst/u_sigmoid/sigmoid_core/Msub_GND_139_o_GND_139_o_sub_16_OUT_cy<3>
    SLICE_X40Y57.D4      net (fanout=1)        0.783   XLXI_50/u_data_path/activation_engine_inst/u_sigmoid/sigmoid_core/GND_139_o_GND_139_o_sub_16_OUT<0>
    SLICE_X40Y57.D       Tilo                  0.235   XLXI_50/u_data_path/activation_engine_inst/u_sigmoid/sigmoid_output<0>
                                                       XLXI_50/u_data_path/activation_engine_inst/u_sigmoid/sigmoid_core/Mmux_y110
    SLICE_X24Y47.C6      net (fanout=3)        2.246   XLXI_50/u_data_path/activation_engine_inst/u_sigmoid/sigmoid_output<0>
    SLICE_X24Y47.CMUX    Tilo                  0.403   XLXI_50/u_data_path/DINTMUX/Mmux_O23
                                                       XLXI_50/u_data_path/DINTMUX/Mmux_O26_G
                                                       XLXI_50/u_data_path/DINTMUX/Mmux_O26
    SLICE_X23Y45.A4      net (fanout=1)        0.741   XLXI_50/u_data_path/DINTMUX/Mmux_O29
    SLICE_X23Y45.A       Tilo                  0.259   XLXI_50/u_data_path/MDR/REG<0>
                                                       XLXI_50/u_data_path/DINTMUX/Mmux_O27
    SLICE_X24Y46.AX      net (fanout=4)        0.872   XLXI_50/u_data_path/DINT<0>
    SLICE_X24Y46.CLK     Tdick                 0.114   XLXI_50/u_data_path/PC_env/REG<3>
                                                       XLXI_50/u_data_path/PC_env/REG_0
    -------------------------------------------------  ---------------------------
    Total                                     23.723ns (5.965ns logic, 17.758ns route)
                                                       (25.1% logic, 74.9% route)

--------------------------------------------------------------------------------
Slack (setup path):     1.137ns (requirement - (data path - clock path skew + uncertainty))
  Source:               XLXI_50/u_data_path/B_REG/REG_8 (FF)
  Destination:          XLXI_50/u_data_path/PC_env/REG_0 (FF)
  Requirement:          25.000ns
  Data Path Delay:      23.721ns (Levels of Logic = 16)
  Clock Path Skew:      -0.107ns (0.550 - 0.657)
  Source Clock:         sdClkFb_i_BUFGP rising at 0.000ns
  Destination Clock:    sdClkFb_i_BUFGP rising at 25.000ns
  Clock Uncertainty:    0.035ns

  Clock Uncertainty:          0.035ns  ((TSJ^2 + TIJ^2)^1/2 + DJ) / 2 + PE
    Total System Jitter (TSJ):  0.070ns
    Total Input Jitter (TIJ):   0.000ns
    Discrete Jitter (DJ):       0.000ns
    Phase Error (PE):           0.000ns

  Maximum Data Path at Slow Process Corner: XLXI_50/u_data_path/B_REG/REG_8 to XLXI_50/u_data_path/PC_env/REG_0
    Location             Delay type         Delay(ns)  Physical Resource
                                                       Logical Resource(s)
    -------------------------------------------------  -------------------
    SLICE_X13Y53.AQ      Tcko                  0.430   XLXI_50/u_data_path/B_REG/REG<15>
                                                       XLXI_50/u_data_path/B_REG/REG_8
    SLICE_X27Y53.A3      net (fanout=4)        3.313   XLXI_50/u_data_path/B_REG/REG<8>
    SLICE_X27Y53.A       Tilo                  0.259   XLXI_50/u_data_path/activation_engine_inst/u_sigmoid/ADDERTREE_INTERNAL_Madd3
                                                       XLXI_50/u_data_path/S1MUX/Mmux_O311_1
    SLICE_X26Y53.D5      net (fanout=5)        1.882   XLXI_50/u_data_path/S1MUX/Mmux_O311
    SLICE_X26Y53.DMUX    Tilo                  0.326   XLXI_50/u_data_path/activation_engine_inst/u_sigmoid/ADDERTREE_INTERNAL_Madd_71
                                                       XLXI_50/u_data_path/activation_engine_inst/u_sigmoid/ADDERTREE_INTERNAL_Madd17
    SLICE_X26Y54.A3      net (fanout=2)        1.012   XLXI_50/u_data_path/activation_engine_inst/u_sigmoid/ADDERTREE_INTERNAL_Madd17
    SLICE_X26Y54.COUT    Topcya                0.474   XLXI_50/u_data_path/activation_engine_inst/u_sigmoid/ADDERTREE_INTERNAL_Madd_111
                                                       XLXI_50/u_data_path/activation_engine_inst/u_sigmoid/ADDERTREE_INTERNAL_Madd1_lut<0>8
                                                       XLXI_50/u_data_path/activation_engine_inst/u_sigmoid/ADDERTREE_INTERNAL_Madd1_cy<0>_10
    SLICE_X26Y55.CIN     net (fanout=1)        0.003   XLXI_50/u_data_path/activation_engine_inst/u_sigmoid/ADDERTREE_INTERNAL_Madd1_cy<0>11
    SLICE_X26Y55.COUT    Tbyp                  0.093   XLXI_50/u_data_path/activation_engine_inst/u_sigmoid/ADDERTREE_INTERNAL_Madd_151
                                                       XLXI_50/u_data_path/activation_engine_inst/u_sigmoid/ADDERTREE_INTERNAL_Madd1_cy<0>_14
    SLICE_X26Y56.CIN     net (fanout=1)        0.082   XLXI_50/u_data_path/activation_engine_inst/u_sigmoid/ADDERTREE_INTERNAL_Madd1_cy<0>15
    SLICE_X26Y56.BQ      Tito_logic            0.788   XLXI_50/u_data_path/activation_engine_inst/u_sigmoid/ADDERTREE_INTERNAL_Madd_191
                                                       XLXI_50/u_data_path/activation_engine_inst/u_sigmoid/ADDERTREE_INTERNAL_Madd1_cy<0>_18
                                                       XLXI_50/u_data_path/activation_engine_inst/u_sigmoid/ADDERTREE_INTERNAL_Madd_171_rt
    SLICE_X32Y57.B5      net (fanout=2)        1.001   XLXI_50/u_data_path/activation_engine_inst/u_sigmoid/ADDERTREE_INTERNAL_Madd_171
    SLICE_X32Y57.COUT    Topcyb                0.448   XLXI_50/u_data_path/activation_engine_inst/u_sigmoid/ADDERTREE_INTERNAL_Madd4_cy<19>
                                                       XLXI_50/u_data_path/activation_engine_inst/u_sigmoid/ADDERTREE_INTERNAL_Madd4_lut<17>
                                                       XLXI_50/u_data_path/activation_engine_inst/u_sigmoid/ADDERTREE_INTERNAL_Madd4_cy<19>
    SLICE_X32Y58.CIN     net (fanout=1)        0.003   XLXI_50/u_data_path/activation_engine_inst/u_sigmoid/ADDERTREE_INTERNAL_Madd4_cy<19>
    SLICE_X32Y58.COUT    Tbyp                  0.091   XLXI_50/u_data_path/activation_engine_inst/u_sigmoid/ADDERTREE_INTERNAL_Madd4_cy<23>
                                                       XLXI_50/u_data_path/activation_engine_inst/u_sigmoid/ADDERTREE_INTERNAL_Madd4_cy<23>
    SLICE_X32Y59.CIN     net (fanout=1)        0.003   XLXI_50/u_data_path/activation_engine_inst/u_sigmoid/ADDERTREE_INTERNAL_Madd4_cy<23>
    SLICE_X32Y59.AMUX    Tcina                 0.210   XLXI_50/u_data_path/activation_engine_inst/u_sigmoid/ADDERTREE_INTERNAL_Madd4_cy<27>
                                                       XLXI_50/u_data_path/activation_engine_inst/u_sigmoid/ADDERTREE_INTERNAL_Madd4_cy<27>
    SLICE_X34Y60.A3      net (fanout=2)        1.042   XLXI_50/u_data_path/activation_engine_inst/u_sigmoid/ADDERTREE_INTERNAL_Madd_244
    SLICE_X34Y60.AMUX    Topaa                 0.456   XLXI_50/u_data_path/activation_engine_inst/u_sigmoid/sigmoid_core/Madd_x[31]_GND_139_o_add_1_OUT_cy<27>
                                                       XLXI_50/u_data_path/activation_engine_inst/u_sigmoid/sigmoid_core/n0039<24>1
                                                       XLXI_50/u_data_path/activation_engine_inst/u_sigmoid/sigmoid_core/Madd_x[31]_GND_139_o_add_1_OUT_cy<27>
    SLICE_X36Y59.C1      net (fanout=5)        1.543   XLXI_50/u_data_path/activation_engine_inst/u_sigmoid/sigmoid_core/x[31]_GND_139_o_add_1_OUT<24>
    SLICE_X36Y59.CMUX    Tilo                  0.403   XLXI_50/u_data_path/PC_env/REG<20>
                                                       XLXI_50/u_data_path/activation_engine_inst/u_sigmoid/sigmoid_core/GND_139_o_x[31]_LessThan_5_o121_G
                                                       XLXI_50/u_data_path/activation_engine_inst/u_sigmoid/sigmoid_core/GND_139_o_x[31]_LessThan_5_o121
    SLICE_X45Y58.A2      net (fanout=6)        1.669   XLXI_50/u_data_path/activation_engine_inst/u_sigmoid/sigmoid_core/GND_139_o_x[31]_LessThan_5_o12
    SLICE_X45Y58.A       Tilo                  0.259   XLXI_50/u_data_path/activation_engine_inst/u_sigmoid/sigmoid_core/Mmux_y_pos10
                                                       XLXI_50/u_data_path/activation_engine_inst/u_sigmoid/sigmoid_core/GND_139_o_x[31]_LessThan_9_o32_2
    SLICE_X41Y54.C4      net (fanout=11)       1.073   XLXI_50/u_data_path/activation_engine_inst/u_sigmoid/sigmoid_core/GND_139_o_x[31]_LessThan_9_o322
    SLICE_X41Y54.C       Tilo                  0.259   XLXI_50/u_data_path/activation_engine_inst/u_sigmoid/sigmoid_core/Mmux_y_pos2
                                                       XLXI_50/u_data_path/activation_engine_inst/u_sigmoid/sigmoid_core/Mmux_y_pos21
    SLICE_X42Y55.A5      net (fanout=2)        0.490   XLXI_50/u_data_path/activation_engine_inst/u_sigmoid/sigmoid_core/Mmux_y_pos2
    SLICE_X42Y55.AMUX    Topaa                 0.456   XLXI_50/u_data_path/activation_engine_inst/u_sigmoid/sigmoid_core/Msub_GND_139_o_GND_139_o_sub_16_OUT_cy<3>
                                                       XLXI_50/u_data_path/activation_engine_inst/u_sigmoid/sigmoid_core/Msub_GND_139_o_GND_139_o_sub_16_OUT_lut<0>
                                                       XLXI_50/u_data_path/activation_engine_inst/u_sigmoid/sigmoid_core/Msub_GND_139_o_GND_139_o_sub_16_OUT_cy<3>
    SLICE_X40Y57.D4      net (fanout=1)        0.783   XLXI_50/u_data_path/activation_engine_inst/u_sigmoid/sigmoid_core/GND_139_o_GND_139_o_sub_16_OUT<0>
    SLICE_X40Y57.D       Tilo                  0.235   XLXI_50/u_data_path/activation_engine_inst/u_sigmoid/sigmoid_output<0>
                                                       XLXI_50/u_data_path/activation_engine_inst/u_sigmoid/sigmoid_core/Mmux_y110
    SLICE_X24Y47.C6      net (fanout=3)        2.246   XLXI_50/u_data_path/activation_engine_inst/u_sigmoid/sigmoid_output<0>
    SLICE_X24Y47.CMUX    Tilo                  0.403   XLXI_50/u_data_path/DINTMUX/Mmux_O23
                                                       XLXI_50/u_data_path/DINTMUX/Mmux_O26_G
                                                       XLXI_50/u_data_path/DINTMUX/Mmux_O26
    SLICE_X23Y45.A4      net (fanout=1)        0.741   XLXI_50/u_data_path/DINTMUX/Mmux_O29
    SLICE_X23Y45.A       Tilo                  0.259   XLXI_50/u_data_path/MDR/REG<0>
                                                       XLXI_50/u_data_path/DINTMUX/Mmux_O27
    SLICE_X24Y46.AX      net (fanout=4)        0.872   XLXI_50/u_data_path/DINT<0>
    SLICE_X24Y46.CLK     Tdick                 0.114   XLXI_50/u_data_path/PC_env/REG<3>
                                                       XLXI_50/u_data_path/PC_env/REG_0
    -------------------------------------------------  ---------------------------
    Total                                     23.721ns (5.963ns logic, 17.758ns route)
                                                       (25.1% logic, 74.9% route)

--------------------------------------------------------------------------------
Slack (setup path):     1.175ns (requirement - (data path - clock path skew + uncertainty))
  Source:               XLXI_50/u_data_path/B_REG/REG_8 (FF)
  Destination:          XLXI_50/u_data_path/PC_env/REG_0 (FF)
  Requirement:          25.000ns
  Data Path Delay:      23.683ns (Levels of Logic = 16)
  Clock Path Skew:      -0.107ns (0.550 - 0.657)
  Source Clock:         sdClkFb_i_BUFGP rising at 0.000ns
  Destination Clock:    sdClkFb_i_BUFGP rising at 25.000ns
  Clock Uncertainty:    0.035ns

  Clock Uncertainty:          0.035ns  ((TSJ^2 + TIJ^2)^1/2 + DJ) / 2 + PE
    Total System Jitter (TSJ):  0.070ns
    Total Input Jitter (TIJ):   0.000ns
    Discrete Jitter (DJ):       0.000ns
    Phase Error (PE):           0.000ns

  Maximum Data Path at Slow Process Corner: XLXI_50/u_data_path/B_REG/REG_8 to XLXI_50/u_data_path/PC_env/REG_0
    Location             Delay type         Delay(ns)  Physical Resource
                                                       Logical Resource(s)
    -------------------------------------------------  -------------------
    SLICE_X13Y53.AQ      Tcko                  0.430   XLXI_50/u_data_path/B_REG/REG<15>
                                                       XLXI_50/u_data_path/B_REG/REG_8
    SLICE_X27Y53.A3      net (fanout=4)        3.313   XLXI_50/u_data_path/B_REG/REG<8>
    SLICE_X27Y53.A       Tilo                  0.259   XLXI_50/u_data_path/activation_engine_inst/u_sigmoid/ADDERTREE_INTERNAL_Madd3
                                                       XLXI_50/u_data_path/S1MUX/Mmux_O311_1
    SLICE_X26Y53.D5      net (fanout=5)        1.882   XLXI_50/u_data_path/S1MUX/Mmux_O311
    SLICE_X26Y53.DMUX    Tilo                  0.326   XLXI_50/u_data_path/activation_engine_inst/u_sigmoid/ADDERTREE_INTERNAL_Madd_71
                                                       XLXI_50/u_data_path/activation_engine_inst/u_sigmoid/ADDERTREE_INTERNAL_Madd17
    SLICE_X26Y54.A3      net (fanout=2)        1.012   XLXI_50/u_data_path/activation_engine_inst/u_sigmoid/ADDERTREE_INTERNAL_Madd17
    SLICE_X26Y54.COUT    Topcya                0.474   XLXI_50/u_data_path/activation_engine_inst/u_sigmoid/ADDERTREE_INTERNAL_Madd_111
                                                       XLXI_50/u_data_path/activation_engine_inst/u_sigmoid/ADDERTREE_INTERNAL_Madd1_lut<0>8
                                                       XLXI_50/u_data_path/activation_engine_inst/u_sigmoid/ADDERTREE_INTERNAL_Madd1_cy<0>_10
    SLICE_X26Y55.CIN     net (fanout=1)        0.003   XLXI_50/u_data_path/activation_engine_inst/u_sigmoid/ADDERTREE_INTERNAL_Madd1_cy<0>11
    SLICE_X26Y55.BQ      Tito_logic            0.788   XLXI_50/u_data_path/activation_engine_inst/u_sigmoid/ADDERTREE_INTERNAL_Madd_151
                                                       XLXI_50/u_data_path/activation_engine_inst/u_sigmoid/ADDERTREE_INTERNAL_Madd1_cy<0>_14
                                                       XLXI_50/u_data_path/activation_engine_inst/u_sigmoid/ADDERTREE_INTERNAL_Madd_131_rt
    SLICE_X32Y56.B5      net (fanout=2)        1.027   XLXI_50/u_data_path/activation_engine_inst/u_sigmoid/ADDERTREE_INTERNAL_Madd_131
    SLICE_X32Y56.DMUX    Topbd                 0.644   XLXI_50/u_data_path/activation_engine_inst/u_sigmoid/ADDERTREE_INTERNAL_Madd4_cy<15>
                                                       XLXI_50/u_data_path/activation_engine_inst/u_sigmoid/ADDERTREE_INTERNAL_Madd4_lut<13>
                                                       XLXI_50/u_data_path/activation_engine_inst/u_sigmoid/ADDERTREE_INTERNAL_Madd4_cy<15>
    SLICE_X34Y57.D2      net (fanout=2)        0.993   XLXI_50/u_data_path/activation_engine_inst/u_sigmoid/ADDERTREE_INTERNAL_Madd_154
    SLICE_X34Y57.COUT    Topcyd                0.312   XLXI_50/u_data_path/activation_engine_inst/u_sigmoid/sigmoid_core/Madd_x[31]_GND_139_o_add_1_OUT_cy<15>
                                                       XLXI_50/u_data_path/activation_engine_inst/u_sigmoid/sigmoid_core/n0039<15>1
                                                       XLXI_50/u_data_path/activation_engine_inst/u_sigmoid/sigmoid_core/Madd_x[31]_GND_139_o_add_1_OUT_cy<15>
    SLICE_X34Y58.CIN     net (fanout=1)        0.003   XLXI_50/u_data_path/activation_engine_inst/u_sigmoid/sigmoid_core/Madd_x[31]_GND_139_o_add_1_OUT_cy<15>
    SLICE_X34Y58.COUT    Tbyp                  0.093   XLXI_50/u_data_path/activation_engine_inst/u_sigmoid/sigmoid_core/Madd_x[31]_GND_139_o_add_1_OUT_cy<19>
                                                       XLXI_50/u_data_path/activation_engine_inst/u_sigmoid/sigmoid_core/Madd_x[31]_GND_139_o_add_1_OUT_cy<19>
    SLICE_X34Y59.CIN     net (fanout=1)        0.003   XLXI_50/u_data_path/activation_engine_inst/u_sigmoid/sigmoid_core/Madd_x[31]_GND_139_o_add_1_OUT_cy<19>
    SLICE_X34Y59.COUT    Tbyp                  0.093   XLXI_50/u_data_path/activation_engine_inst/u_sigmoid/sigmoid_core/Madd_x[31]_GND_139_o_add_1_OUT_cy<23>
                                                       XLXI_50/u_data_path/activation_engine_inst/u_sigmoid/sigmoid_core/Madd_x[31]_GND_139_o_add_1_OUT_cy<23>
    SLICE_X34Y60.CIN     net (fanout=1)        0.003   XLXI_50/u_data_path/activation_engine_inst/u_sigmoid/sigmoid_core/Madd_x[31]_GND_139_o_add_1_OUT_cy<23>
    SLICE_X34Y60.AMUX    Tcina                 0.220   XLXI_50/u_data_path/activation_engine_inst/u_sigmoid/sigmoid_core/Madd_x[31]_GND_139_o_add_1_OUT_cy<27>
                                                       XLXI_50/u_data_path/activation_engine_inst/u_sigmoid/sigmoid_core/Madd_x[31]_GND_139_o_add_1_OUT_cy<27>
    SLICE_X36Y59.C1      net (fanout=5)        1.543   XLXI_50/u_data_path/activation_engine_inst/u_sigmoid/sigmoid_core/x[31]_GND_139_o_add_1_OUT<24>
    SLICE_X36Y59.CMUX    Tilo                  0.403   XLXI_50/u_data_path/PC_env/REG<20>
                                                       XLXI_50/u_data_path/activation_engine_inst/u_sigmoid/sigmoid_core/GND_139_o_x[31]_LessThan_5_o121_G
                                                       XLXI_50/u_data_path/activation_engine_inst/u_sigmoid/sigmoid_core/GND_139_o_x[31]_LessThan_5_o121
    SLICE_X45Y58.A2      net (fanout=6)        1.669   XLXI_50/u_data_path/activation_engine_inst/u_sigmoid/sigmoid_core/GND_139_o_x[31]_LessThan_5_o12
    SLICE_X45Y58.A       Tilo                  0.259   XLXI_50/u_data_path/activation_engine_inst/u_sigmoid/sigmoid_core/Mmux_y_pos10
                                                       XLXI_50/u_data_path/activation_engine_inst/u_sigmoid/sigmoid_core/GND_139_o_x[31]_LessThan_9_o32_2
    SLICE_X41Y54.C4      net (fanout=11)       1.073   XLXI_50/u_data_path/activation_engine_inst/u_sigmoid/sigmoid_core/GND_139_o_x[31]_LessThan_9_o322
    SLICE_X41Y54.C       Tilo                  0.259   XLXI_50/u_data_path/activation_engine_inst/u_sigmoid/sigmoid_core/Mmux_y_pos2
                                                       XLXI_50/u_data_path/activation_engine_inst/u_sigmoid/sigmoid_core/Mmux_y_pos21
    SLICE_X42Y55.A5      net (fanout=2)        0.490   XLXI_50/u_data_path/activation_engine_inst/u_sigmoid/sigmoid_core/Mmux_y_pos2
    SLICE_X42Y55.AMUX    Topaa                 0.456   XLXI_50/u_data_path/activation_engine_inst/u_sigmoid/sigmoid_core/Msub_GND_139_o_GND_139_o_sub_16_OUT_cy<3>
                                                       XLXI_50/u_data_path/activation_engine_inst/u_sigmoid/sigmoid_core/Msub_GND_139_o_GND_139_o_sub_16_OUT_lut<0>
                                                       XLXI_50/u_data_path/activation_engine_inst/u_sigmoid/sigmoid_core/Msub_GND_139_o_GND_139_o_sub_16_OUT_cy<3>
    SLICE_X40Y57.D4      net (fanout=1)        0.783   XLXI_50/u_data_path/activation_engine_inst/u_sigmoid/sigmoid_core/GND_139_o_GND_139_o_sub_16_OUT<0>
    SLICE_X40Y57.D       Tilo                  0.235   XLXI_50/u_data_path/activation_engine_inst/u_sigmoid/sigmoid_output<0>
                                                       XLXI_50/u_data_path/activation_engine_inst/u_sigmoid/sigmoid_core/Mmux_y110
    SLICE_X24Y47.C6      net (fanout=3)        2.246   XLXI_50/u_data_path/activation_engine_inst/u_sigmoid/sigmoid_output<0>
    SLICE_X24Y47.CMUX    Tilo                  0.403   XLXI_50/u_data_path/DINTMUX/Mmux_O23
                                                       XLXI_50/u_data_path/DINTMUX/Mmux_O26_G
                                                       XLXI_50/u_data_path/DINTMUX/Mmux_O26
    SLICE_X23Y45.A4      net (fanout=1)        0.741   XLXI_50/u_data_path/DINTMUX/Mmux_O29
    SLICE_X23Y45.A       Tilo                  0.259   XLXI_50/u_data_path/MDR/REG<0>
                                                       XLXI_50/u_data_path/DINTMUX/Mmux_O27
    SLICE_X24Y46.AX      net (fanout=4)        0.872   XLXI_50/u_data_path/DINT<0>
    SLICE_X24Y46.CLK     Tdick                 0.114   XLXI_50/u_data_path/PC_env/REG<3>
                                                       XLXI_50/u_data_path/PC_env/REG_0
    -------------------------------------------------  ---------------------------
    Total                                     23.683ns (6.027ns logic, 17.656ns route)
                                                       (25.4% logic, 74.6% route)

--------------------------------------------------------------------------------

Hold Paths: TS_sdClkFb_i = PERIOD TIMEGRP "sdClkFb_i" 40 MHz HIGH 50%;
--------------------------------------------------------------------------------

Paths for end point XLXI_50/u_data_path/gpr_inst/RAM_B_INST/Mram_memory_array1 (SLICE_X22Y47.AX), 1 path
--------------------------------------------------------------------------------
Slack (hold path):      0.307ns (requirement - (clock path skew + uncertainty - data path))
  Source:               XLXI_50/u_data_path/C_REG/REG_0 (FF)
  Destination:          XLXI_50/u_data_path/gpr_inst/RAM_B_INST/Mram_memory_array1 (RAM)
  Requirement:          0.000ns
  Data Path Delay:      0.310ns (Levels of Logic = 0)
  Clock Path Skew:      0.003ns (0.053 - 0.050)
  Source Clock:         sdClkFb_i_BUFGP rising at 25.000ns
  Destination Clock:    sdClkFb_i_BUFGP rising at 25.000ns
  Clock Uncertainty:    0.000ns

  Minimum Data Path at Fast Process Corner: XLXI_50/u_data_path/C_REG/REG_0 to XLXI_50/u_data_path/gpr_inst/RAM_B_INST/Mram_memory_array1
    Location             Delay type         Delay(ns)  Physical Resource
                                                       Logical Resource(s)
    -------------------------------------------------  -------------------
    SLICE_X23Y46.AQ      Tcko                  0.198   XLXI_50/u_data_path/C_REG/REG<3>
                                                       XLXI_50/u_data_path/C_REG/REG_0
    SLICE_X22Y47.AX      net (fanout=3)        0.232   XLXI_50/u_data_path/C_REG/REG<0>
    SLICE_X22Y47.CLK     Tdh         (-Th)     0.120   XLXI_50/u_data_path/gpr_inst/RAM_B_OUT<7>
                                                       XLXI_50/u_data_path/gpr_inst/RAM_B_INST/Mram_memory_array1
    -------------------------------------------------  ---------------------------
    Total                                      0.310ns (0.078ns logic, 0.232ns route)
                                                       (25.2% logic, 74.8% route)

--------------------------------------------------------------------------------

Paths for end point XLXI_50/u_data_path/gpr_inst/RAM_B_INST/Mram_memory_array3 (SLICE_X22Y47.BI), 1 path
--------------------------------------------------------------------------------
Slack (hold path):      0.315ns (requirement - (clock path skew + uncertainty - data path))
  Source:               XLXI_50/u_data_path/C_REG/REG_2 (FF)
  Destination:          XLXI_50/u_data_path/gpr_inst/RAM_B_INST/Mram_memory_array3 (RAM)
  Requirement:          0.000ns
  Data Path Delay:      0.318ns (Levels of Logic = 0)
  Clock Path Skew:      0.003ns (0.053 - 0.050)
  Source Clock:         sdClkFb_i_BUFGP rising at 25.000ns
  Destination Clock:    sdClkFb_i_BUFGP rising at 25.000ns
  Clock Uncertainty:    0.000ns

  Minimum Data Path at Fast Process Corner: XLXI_50/u_data_path/C_REG/REG_2 to XLXI_50/u_data_path/gpr_inst/RAM_B_INST/Mram_memory_array3
    Location             Delay type         Delay(ns)  Physical Resource
                                                       Logical Resource(s)
    -------------------------------------------------  -------------------
    SLICE_X23Y46.CQ      Tcko                  0.198   XLXI_50/u_data_path/C_REG/REG<3>
                                                       XLXI_50/u_data_path/C_REG/REG_2
    SLICE_X22Y47.BI      net (fanout=3)        0.120   XLXI_50/u_data_path/C_REG/REG<2>
    SLICE_X22Y47.CLK     Tdh         (-Th)     0.000   XLXI_50/u_data_path/gpr_inst/RAM_B_OUT<7>
                                                       XLXI_50/u_data_path/gpr_inst/RAM_B_INST/Mram_memory_array3
    -------------------------------------------------  ---------------------------
    Total                                      0.318ns (0.198ns logic, 0.120ns route)
                                                       (62.3% logic, 37.7% route)

--------------------------------------------------------------------------------

Paths for end point XLXI_50/u_data_path/gpr_inst/RAM_B_INST/Mram_memory_array2 (SLICE_X22Y47.BX), 1 path
--------------------------------------------------------------------------------
Slack (hold path):      0.322ns (requirement - (clock path skew + uncertainty - data path))
  Source:               XLXI_50/u_data_path/C_REG/REG_1 (FF)
  Destination:          XLXI_50/u_data_path/gpr_inst/RAM_B_INST/Mram_memory_array2 (RAM)
  Requirement:          0.000ns
  Data Path Delay:      0.325ns (Levels of Logic = 0)
  Clock Path Skew:      0.003ns (0.053 - 0.050)
  Source Clock:         sdClkFb_i_BUFGP rising at 25.000ns
  Destination Clock:    sdClkFb_i_BUFGP rising at 25.000ns
  Clock Uncertainty:    0.000ns

  Minimum Data Path at Fast Process Corner: XLXI_50/u_data_path/C_REG/REG_1 to XLXI_50/u_data_path/gpr_inst/RAM_B_INST/Mram_memory_array2
    Location             Delay type         Delay(ns)  Physical Resource
                                                       Logical Resource(s)
    -------------------------------------------------  -------------------
    SLICE_X23Y46.BQ      Tcko                  0.198   XLXI_50/u_data_path/C_REG/REG<3>
                                                       XLXI_50/u_data_path/C_REG/REG_1
    SLICE_X22Y47.BX      net (fanout=3)        0.238   XLXI_50/u_data_path/C_REG/REG<1>
    SLICE_X22Y47.CLK     Tdh         (-Th)     0.111   XLXI_50/u_data_path/gpr_inst/RAM_B_OUT<7>
                                                       XLXI_50/u_data_path/gpr_inst/RAM_B_INST/Mram_memory_array2
    -------------------------------------------------  ---------------------------
    Total                                      0.325ns (0.087ns logic, 0.238ns route)
                                                       (26.8% logic, 73.2% route)

--------------------------------------------------------------------------------

Component Switching Limit Checks: TS_sdClkFb_i = PERIOD TIMEGRP "sdClkFb_i" 40 MHz HIGH 50%;
--------------------------------------------------------------------------------
Slack: 20.148ns (period - min period limit)
  Period: 25.000ns
  Min period limit: 4.852ns (206.101MHz) (Tdspper_AREG_PREG)
  Physical resource: XLXI_50/u_data_path/activation_engine_inst/u_softmax/u_fsm/Mmult_p1_mul3/CLK
  Logical resource: XLXI_50/u_data_path/activation_engine_inst/u_softmax/u_fsm/Mmult_p1_mul3/CLK
  Location pin: DSP48_X0Y4.CLK
  Clock network: sdClkFb_i_BUFGP
--------------------------------------------------------------------------------
Slack: 20.148ns (period - min period limit)
  Period: 25.000ns
  Min period limit: 4.852ns (206.101MHz) (Tdspper_AREG_PREG)
  Physical resource: XLXI_50/u_data_path/activation_engine_inst/u_softmax/u_fsm/Mmult_p2_mul3/CLK
  Logical resource: XLXI_50/u_data_path/activation_engine_inst/u_softmax/u_fsm/Mmult_p2_mul3/CLK
  Location pin: DSP48_X1Y3.CLK
  Clock network: sdClkFb_i_BUFGP
--------------------------------------------------------------------------------
Slack: 22.041ns (period - min period limit)
  Period: 25.000ns
  Min period limit: 2.959ns (337.952MHz) (Tdspper_PREG)
  Physical resource: XLXI_50/u_data_path/mult/Mmult_A[31]_B[31]_MuLt_1_OUT3/CLK
  Logical resource: XLXI_50/u_data_path/mult/Mmult_A[31]_B[31]_MuLt_1_OUT3/CLK
  Location pin: DSP48_X0Y16.CLK
  Clock network: sdClkFb_i_BUFGP
--------------------------------------------------------------------------------

================================================================================
Timing constraint: TS_XLXI_23_u0_genClkN_s = PERIOD TIMEGRP 
"XLXI_23_u0_genClkN_s" TS_fpgaClk_i *         5 PHASE 8.33333333 ns HIGH 50%;
For more information, see Period Analysis in the Timing Closure User Guide (UG612).

 0 paths analyzed, 0 endpoints analyzed, 0 failing endpoints
 0 timing errors detected. (0 component switching limit errors)
 Minimum period is   2.666ns.
--------------------------------------------------------------------------------

Component Switching Limit Checks: TS_XLXI_23_u0_genClkN_s = PERIOD TIMEGRP "XLXI_23_u0_genClkN_s" TS_fpgaClk_i *
        5 PHASE 8.33333333 ns HIGH 50%;
--------------------------------------------------------------------------------
Slack: 14.000ns (period - min period limit)
  Period: 16.666ns
  Min period limit: 2.666ns (375.094MHz) (Tbcper_I)
  Physical resource: XLXI_23/u0/genClkN_s_BUFG/I0
  Logical resource: XLXI_23/u0/genClkN_s_BUFG/I0
  Location pin: BUFGMUX_X3Y13.I0
  Clock network: XLXI_23/u0/genClkN_s
--------------------------------------------------------------------------------
Slack: 14.626ns (period - min period limit)
  Period: 16.666ns
  Min period limit: 2.040ns (490.196MHz) (Tockper)
  Physical resource: sdClk_o_OBUF/CLK1
  Logical resource: XLXI_23/u0/u1/u1/CK1
  Location pin: OLOGIC_X23Y34.CLK1
  Clock network: XLXI_23/u0/genClkN_s_BUFG
--------------------------------------------------------------------------------

================================================================================
Timing constraint: TS_XLXI_23_u0_genClkP_s = PERIOD TIMEGRP 
"XLXI_23_u0_genClkP_s" TS_fpgaClk_i *         5 HIGH 50%;
For more information, see Period Analysis in the Timing Closure User Guide (UG612).

 0 paths analyzed, 0 endpoints analyzed, 0 failing endpoints
 0 timing errors detected. (0 component switching limit errors)
 Minimum period is   2.666ns.
--------------------------------------------------------------------------------

Component Switching Limit Checks: TS_XLXI_23_u0_genClkP_s = PERIOD TIMEGRP "XLXI_23_u0_genClkP_s" TS_fpgaClk_i *
        5 HIGH 50%;
--------------------------------------------------------------------------------
Slack: 14.000ns (period - min period limit)
  Period: 16.666ns
  Min period limit: 2.666ns (375.094MHz) (Tbcper_I)
  Physical resource: XLXI_23/u0/genClkP_s_BUFG/I0
  Logical resource: XLXI_23/u0/genClkP_s_BUFG/I0
  Location pin: BUFGMUX_X2Y3.I0
  Clock network: XLXI_23/u0/genClkP_s
--------------------------------------------------------------------------------
Slack: 14.417ns (period - min period limit)
  Period: 16.666ns
  Min period limit: 2.249ns (444.642MHz) (Tockper)
  Physical resource: sdClk_o_OBUF/CLK0
  Logical resource: XLXI_23/u0/u1/u1/CK0
  Location pin: OLOGIC_X23Y34.CLK0
  Clock network: XLXI_23/u0/genClkP_s_BUFG
--------------------------------------------------------------------------------


Derived Constraint Report
Derived Constraints for TS_fpgaClk_i
+-------------------------------+-------------+-------------+-------------+-------------+-------------+-------------+-------------+
|                               |   Period    |       Actual Period       |      Timing Errors        |      Paths Analyzed       |
|           Constraint          | Requirement |-------------+-------------|-------------+-------------|-------------+-------------|
|                               |             |   Direct    | Derivative  |   Direct    | Derivative  |   Direct    | Derivative  |
+-------------------------------+-------------+-------------+-------------+-------------+-------------+-------------+-------------+
|TS_fpgaClk_i                   |     83.333ns|     32.000ns|     13.330ns|            0|            0|            0|            0|
| TS_XLXI_23_u0_genClkN_s       |     16.667ns|      2.666ns|          N/A|            0|            0|            0|            0|
| TS_XLXI_23_u0_genClkP_s       |     16.667ns|      2.666ns|          N/A|            0|            0|            0|            0|
+-------------------------------+-------------+-------------+-------------+-------------+-------------+-------------+-------------+

All constraints were met.


Data Sheet report:
-----------------
All values displayed in nanoseconds (ns)

Clock to Setup on destination clock sdClkFb_i
---------------+---------+---------+---------+---------+
               | Src:Rise| Src:Fall| Src:Rise| Src:Fall|
Source Clock   |Dest:Rise|Dest:Rise|Dest:Fall|Dest:Fall|
---------------+---------+---------+---------+---------+
sdClkFb_i      |   24.206|         |         |         |
---------------+---------+---------+---------+---------+


Timing summary:
---------------

Timing errors: 0  Score: 0  (Setup/Max: 0, Hold: 0)

Constraints cover 1411643032838 paths, 0 nets, and 12469 connections

Design statistics:
   Minimum period:  32.000ns{1}   (Maximum frequency:  31.250MHz)


------------------------------------Footnotes-----------------------------------
1)  The minimum period statistic assumes all single cycle delays.

Analysis completed Sat Jul 18 23:41:49 2026 
--------------------------------------------------------------------------------

Trace Settings:
-------------------------
Trace Settings 

Peak Memory Usage: 4663 MB



